Dado5,Dado10,Dado20,Dado40,Coluna.controle
0.190838173685958,0.190838173685958,0.190838173685958,0.190838173685958,0.190838173685958
-0.0236256367013904,-0.0236256367013904,-0.0236256367013904,-0.0236256367013904,-0.0236256367013904
-0.983885446386846,-0.983885446386846,-0.983885446386846,1.061005711555481,-0.983885446386846
0.0759598122999582,0.0759598122999582,0.0759598122999582,0.0759598122999582,0.0759598122999582
0.930508567029359,0.930508567029359,0.930508567029359,0.930508567029359,0.930508567029359
1.68974869678907,1.68974869678907,1.68974869678907,1.68974869678907,1.68974869678907
2.59659850924586,2.59659850924586,2.59659850924586,2.59659850924586,2.59659850924586
2.05775213486531,2.05775213486531,2.05775213486531,2.05775213486531,2.05775213486531
0.702435073704643,0.702435073704643,0.702435073704643,0.702435073704643,0.702435073704643
1.68563681242054,1.68563681242054,1.68563681242054,1.68563681242054,1.68563681242054
1.72028174468548,1.72028174468548,1.72028174468548,1.72028174468548,1.72028174468548
0.682516024694257,0.682516024694257,0.682516024694257,0.682516024694257,0.682516024694257
-0.392511357049283,-0.392511357049283,-0.392511357049283,0.8187852501869202,-0.392511357049283
1.57648023587519,1.57648023587519,1.57648023587519,1.57648023587519,1.57648023587519
1.34005983254554,1.34005983254554,1.34005983254554,1.34005983254554,1.34005983254554
0.830301190230221,0.830301190230221,0.830301190230221,0.830301190230221,0.830301190230221
-0.0700119456917883,-0.0700119456917883,-0.0700119456917883,-0.0700119456917883,-0.0700119456917883
-0.139919717612284,-0.139919717612284,-0.139919717612284,-0.139919717612284,-0.139919717612284
0.423026345129358,0.423026345129358,0.423026345129358,0.423026345129358,0.423026345129358
-1.67591810274876,0.24849508702754974,0.6097469925880432,0.8036008477210999,-1.67591810274876
-1.12646190037771,-1.12646190037771,0.5637943148612976,0.8475573658943176,-1.12646190037771
-1.12067005313901,-1.12067005313901,0.514252781867981,0.8376314043998718,-1.12067005313901
-1.36936898674498,-1.36936898674498,0.45711463689804077,0.8649619221687317,-1.36936898674498
-0.671622064235852,-0.671622064235852,-0.671622064235852,0.9350959658622742,-0.671622064235852
-1.23814706825578,-1.23814706825578,0.4397057294845581,1.0127464532852173,-1.23814706825578
0.16403082013130188,0.1199633926153183,0.43210309743881226,1.0025979280471802,-2.65785223714714
0.10661214590072632,0.19656187295913696,0.4445571005344391,0.957596480846405,-2.11915211347497
-0.558183870075716,-0.558183870075716,-0.558183870075716,0.9053992629051208,-0.558183870075716
-1.24956649344734,-1.24956649344734,0.5642180442810059,0.840525209903717,-1.24956649344734
1.42392341924647,1.42392341924647,1.42392341924647,1.42392341924647,1.42392341924647
-0.0534718561303904,-0.0534718561303904,-0.0534718561303904,-0.0534718561303904,-0.0534718561303904
-0.988405487680652,-0.988405487680652,-0.988405487680652,0.7651709914207458,-0.988405487680652
-0.167485613874717,-0.167485613874717,-0.167485613874717,-0.167485613874717,-0.167485613874717
0.28305500745773315,0.44420069456100464,0.6518930196762085,0.7279468178749084,-2.78042694978568
0.123573553410635,0.123573553410635,0.123573553410635,0.123573553410635,0.123573553410635
1.48080530229593,1.48080530229593,1.48080530229593,1.48080530229593,1.48080530229593
0.655088880724849,0.655088880724849,0.655088880724849,0.655088880724849,0.655088880724849
-0.299966770075043,-0.299966770075043,-0.299966770075043,0.6202272772789001,-0.299966770075043
1.51238437765533,1.51238437765533,1.51238437765533,1.51238437765533,1.51238437765533
0.364315323709936,0.364315323709936,0.364315323709936,0.364315323709936,0.364315323709936
-0.14055451671719,-0.14055451671719,-0.14055451671719,-0.14055451671719,-0.14055451671719
-0.368226588494069,-0.368226588494069,-0.368226588494069,0.6036671996116638,-0.368226588494069
0.525275327627562,0.525275327627562,0.525275327627562,0.525275327627562,0.525275327627562
1.29413303347632,1.29413303347632,1.29413303347632,1.29413303347632,1.29413303347632
1.23223198584581,1.23223198584581,1.23223198584581,1.23223198584581,1.23223198584581
0.419712353156746,0.419712353156746,0.419712353156746,0.419712353156746,0.419712353156746
-1.21143731083562,-1.21143731083562,0.4260624647140503,0.9628700017929077,-1.21143731083562
-0.719126032350234,-0.719126032350234,-0.719126032350234,1.0077438354492188,-0.719126032350234
0.0517946479238556,0.0517946479238556,0.0517946479238556,0.0517946479238556,0.0517946479238556
-0.851999568469322,-0.851999568469322,-0.851999568469322,0.9589221477508545,-0.851999568469322
-1.06149367832711,-1.06149367832711,0.3846901059150696,0.9871810674667358,-1.06149367832711
-0.660914862530449,-0.660914862530449,-0.660914862530449,0.9653488397598267,-0.660914862530449
-0.53088476864391,-0.53088476864391,-0.53088476864391,0.8761621117591858,-0.53088476864391
-0.546668634025268,-0.546668634025268,-0.546668634025268,0.7917711138725281,-0.546668634025268
0.91822404080834,0.91822404080834,0.91822404080834,0.91822404080834,0.91822404080834
1.77565774801048,1.77565774801048,1.77565774801048,1.77565774801048,1.77565774801048
0.468706152640002,0.468706152640002,0.468706152640002,0.468706152640002,0.468706152640002
1.53968305528807,1.53968305528807,1.53968305528807,1.53968305528807,1.53968305528807
0.913064158784344,0.913064158784344,0.913064158784344,0.913064158784344,0.913064158784344
0.731740110163748,0.731740110163748,0.731740110163748,0.731740110163748,0.731740110163748
-0.124927745065132,-0.124927745065132,-0.124927745065132,-0.124927745065132,-0.124927745065132
0.291742427424763,0.291742427424763,0.291742427424763,0.291742427424763,0.291742427424763
-0.762859920132361,-0.762859920132361,-0.762859920132361,0.8503736853599548,-0.762859920132361
0.114360633796433,0.114360633796433,0.114360633796433,0.114360633796433,0.114360633796433
0.973264610680411,0.973264610680411,0.973264610680411,0.973264610680411,0.973264610680411
-0.230565302776481,-0.230565302776481,-0.230565302776481,-0.230565302776481,-0.230565302776481
0.114199273140841,0.114199273140841,0.114199273140841,0.114199273140841,0.114199273140841
0.0016528280007607,0.0016528280007607,0.0016528280007607,0.0016528280007607,0.0016528280007607
0.23898163437843323,0.12827377021312714,0.05255993455648422,0.35529911518096924,-2.90122737291647
0.215828999876976,0.07647086679935455,0.0799752026796341,0.4475173354148865,-2.38591333835313
-0.584511192581229,-0.584511192581229,-0.584511192581229,0.601334273815155,-0.584511192581229
1.24149582790364,1.24149582790364,1.24149582790364,1.24149582790364,1.24149582790364
-1.4218937053131,-1.4218937053131,0.32024890184402466,0.7131297588348389,-1.4218937053131
-1.07889637148913,-1.07889637148913,0.34563714265823364,0.8118621706962585,-1.07889637148913
0.465327258127245,0.465327258127245,0.465327258127245,0.465327258127245,0.465327258127245
0.344017949496131,0.344017949496131,0.344017949496131,0.344017949496131,0.344017949496131
0.514001719005532,0.514001719005532,0.514001719005532,0.514001719005532,0.514001719005532
0.06633973121643066,0.1364925354719162,0.3767903745174408,0.7539530992507935,-2.33788719707981
0.10298594832420349,0.153058722615242,0.38253095746040344,0.727284848690033,-2.68170330578912
-0.852464191454003,-0.852464191454003,-0.852464191454003,0.7189507484436035,-0.852464191454003
-1.50609417494408,-1.50609417494408,0.3365781307220459,0.7304304242134094,-1.50609417494408
-1.29634246618824,-1.29634246618824,0.3600601851940155,0.7846358418464661,-1.29634246618824
-0.0158271447325845,-0.0158271447325845,-0.0158271447325845,-0.0158271447325845,-0.0158271447325845
0.617491744705492,0.617491744705492,0.617491744705492,0.617491744705492,0.617491744705492
-0.321540995814466,-0.321540995814466,-0.321540995814466,1.0571876764297485,-0.321540995814466
0.732463175847224,0.732463175847224,0.732463175847224,0.732463175847224,0.732463175847224
1.24450847719457,1.24450847719457,1.24450847719457,1.24450847719457,1.24450847719457
-0.89695907643572,-0.89695907643572,-0.89695907643572,1.0796483755111694,-0.89695907643572
-1.81947027775244,0.2388889044523239,0.4413943886756897,1.0457533597946167,-1.81947027775244
-0.464073183049639,-0.464073183049639,-0.464073183049639,1.0014365911483765,-0.464073183049639
0.0867447735016737,0.0867447735016737,0.0867447735016737,0.0867447735016737,0.0867447735016737
-0.157306475098205,-0.157306475098205,-0.157306475098205,-0.157306475098205,-0.157306475098205
-0.390881295061492,-0.390881295061492,-0.390881295061492,0.4587268829345703,-0.390881295061492
0.292624131377951,0.292624131377951,0.292624131377951,0.292624131377951,0.292624131377951
0.952027850799406,0.952027850799406,0.952027850799406,0.952027850799406,0.952027850799406
2.33758464621743,2.33758464621743,2.33758464621743,2.33758464621743,2.33758464621743
0.834035178595609,0.834035178595609,0.834035178595609,0.834035178595609,0.834035178595609
-1.47926812854024,-1.47926812854024,0.5782260298728943,1.052188754081726,-1.47926812854024
-0.348295166272019,-0.348295166272019,-0.348295166272019,1.104872226715088,-0.348295166272019
-0.579208963476737,-0.579208963476737,-0.579208963476737,1.0784152746200562,-0.579208963476737
-2.0046090672629,0.1727835088968277,0.4150331914424896,0.9919348955154419,-2.0046090672629
-0.825751992744542,-0.825751992744542,-0.825751992744542,0.8644654154777527,-0.825751992744542
0.240279196791343,0.240279196791343,0.240279196791343,0.240279196791343,0.240279196791343
-0.472857121678367,-0.472857121678367,-0.472857121678367,0.6124489903450012,-0.472857121678367
-1.11399234643489,-1.11399234643489,0.2751953899860382,0.6338015198707581,-1.11399234643489
-0.696924860927741,-0.696924860927741,-0.696924860927741,0.7529523968696594,-0.696924860927741
0.0515958531746013,0.0515958531746013,0.0515958531746013,0.0515958531746013,0.0515958531746013
-0.521432481655266,-0.521432481655266,-0.521432481655266,1.0818310976028442,-0.521432481655266
-0.393224933312975,-0.393224933312975,-0.393224933312975,1.1709939241409302,-0.393224933312975
-1.82244217409901,0.23516587913036346,0.4711877405643463,1.1688411235809326,-1.82244217409901
0.825057775230092,0.825057775230092,0.825057775230092,0.825057775230092,0.825057775230092
2.32040882648305,2.32040882648305,2.32040882648305,2.32040882648305,2.32040882648305
0.724258504516831,0.724258504516831,0.724258504516831,0.724258504516831,0.724258504516831
-1.72282603509713,0.2147386372089386,0.48258471488952637,0.9808756709098816,-1.72282603509713
-1.0199298454174,-1.0199298454174,0.3993414044380188,0.8592724204063416,-1.0199298454174
-1.47730081507394,-1.47730081507394,0.336100697517395,0.7047430872917175,-1.47730081507394
0.306148320058206,0.306148320058206,0.306148320058206,0.306148320058206,0.306148320058206
0.506979274496053,0.506979274496053,0.506979274496053,0.506979274496053,0.506979274496053
0.633092278031707,0.633092278031707,0.633092278031707,0.633092278031707,0.633092278031707
0.134009149623512,0.134009149623512,0.134009149623512,0.134009149623512,0.134009149623512
0.177052372410629,0.177052372410629,0.177052372410629,0.177052372410629,0.177052372410629
1.04173378804563,1.04173378804563,1.04173378804563,1.04173378804563,1.04173378804563
0.892021860395441,0.892021860395441,0.892021860395441,0.892021860395441,0.892021860395441
0.150154121350968,0.150154121350968,0.150154121350968,0.150154121350968,0.150154121350968
-0.305970676143378,-0.305970676143378,-0.305970676143378,0.7050474286079407,-0.305970676143378
-1.66619767950936,0.417797327041626,0.4274287223815918,0.5592079162597656,-1.66619767950936
0.1905018836259842,0.39090460538864136,0.30382877588272095,0.5107036232948303,-3.09035407743689
-1.00729460857356,-1.00729460857356,0.20346787571907043,0.4839845895767212,-1.00729460857356
1.50092466112302,1.50092466112302,1.50092466112302,1.50092466112302,1.50092466112302
1.20744097085872,1.20744097085872,1.20744097085872,1.20744097085872,1.20744097085872
0.694558410242991,0.694558410242991,0.694558410242991,0.694558410242991,0.694558410242991
-0.0561451755671347,-0.0561451755671347,-0.0561451755671347,-0.0561451755671347,-0.0561451755671347
0.169515550286311,0.169515550286311,0.169515550286311,0.169515550286311,0.169515550286311
-0.618892620987057,-0.618892620987057,-0.618892620987057,0.9405362010002136,-0.618892620987057
-0.304022923083457,-0.304022923083457,-0.304022923083457,0.9998169541358948,-0.304022923083457
1.038427883107,1.038427883107,1.038427883107,1.038427883107,1.038427883107
0.570368581543236,0.570368581543236,0.570368581543236,0.570368581543236,0.570368581543236
1.6134161270971,1.6134161270971,1.6134161270971,1.6134161270971,1.6134161270971
0.117650502503804,0.117650502503804,0.117650502503804,0.117650502503804,0.117650502503804
-0.263154881245823,-0.263154881245823,-0.263154881245823,0.6819770932197571,-0.263154881245823
0.102363555165495,0.102363555165495,0.102363555165495,0.102363555165495,0.102363555165495
-0.383282079663715,-0.383282079663715,-0.383282079663715,0.5947699546813965,-0.383282079663715
0.418509253057519,0.418509253057519,0.418509253057519,0.418509253057519,0.418509253057519
-0.280967390409336,-0.280967390409336,-0.280967390409336,0.7394910454750061,-0.280967390409336
0.779454814376445,0.779454814376445,0.779454814376445,0.779454814376445,0.779454814376445
0.291272647097877,0.291272647097877,0.291272647097877,0.291272647097877,0.291272647097877
1.86274995973406,1.86274995973406,1.86274995973406,1.86274995973406,1.86274995973406
0.832362029156421,0.832362029156421,0.832362029156421,0.832362029156421,0.832362029156421
-0.0327248724304152,-0.0327248724304152,-0.0327248724304152,-0.0327248724304152,-0.0327248724304152
-0.955312593418198,-0.955312593418198,-0.955312593418198,0.8399365544319153,-0.955312593418198
-0.474697719465598,-0.474697719465598,-0.474697719465598,0.8534447550773621,-0.474697719465598
-0.821283616395036,-0.821283616395036,-0.821283616395036,0.8390834331512451,-0.821283616395036
-0.231107494741312,-0.231107494741312,-0.231107494741312,0.8252376914024353,-0.231107494741312
-0.886715857235815,-0.886715857235815,-0.886715857235815,0.7961313724517822,-0.886715857235815
-0.352477170364118,-0.352477170364118,-0.352477170364118,0.7634624242782593,-0.352477170364118
0.539598506826231,0.539598506826231,0.539598506826231,0.539598506826231,0.539598506826231
-0.529232463253877,-0.529232463253877,-0.529232463253877,0.7789748907089233,-0.529232463253877
-1.2343579762412,-1.2343579762412,0.34271612763404846,0.772847592830658,-1.2343579762412
-1.697638177519,0.2178390622138977,0.2624233663082123,0.7675870060920715,-1.697638177519
-0.582995314099836,-0.582995314099836,-0.582995314099836,0.728519082069397,-0.582995314099836
0.0594383421257374,0.0594383421257374,0.0594383421257374,0.0594383421257374,0.0594383421257374
0.63152021291862,0.63152021291862,0.63152021291862,0.63152021291862,0.63152021291862
1.28088516243287,1.28088516243287,1.28088516243287,1.28088516243287,1.28088516243287
-0.265125958523113,-0.265125958523113,-0.265125958523113,0.4953516125679016,-0.265125958523113
0.428308085376594,0.428308085376594,0.428308085376594,0.428308085376594,0.428308085376594
0.427762219929756,0.427762219929756,0.427762219929756,0.427762219929756,0.427762219929756
0.667106754363175,0.667106754363175,0.667106754363175,0.667106754363175,0.667106754363175
-0.0894347420555837,-0.0894347420555837,-0.0894347420555837,-0.0894347420555837,-0.0894347420555837
-0.602760733177236,-0.602760733177236,-0.602760733177236,1.0023242235183716,-0.602760733177236
-1.17261547899913,-1.17261547899913,0.6294586062431335,1.0426195859909058,-1.17261547899913
-0.193446873888099,-0.193446873888099,-0.193446873888099,-0.193446873888099,-0.193446873888099
-0.629854811258139,-0.629854811258139,-0.629854811258139,1.0584110021591187,-0.629854811258139
-1.34223668394108,-1.34223668394108,0.7350003123283386,1.0536962747573853,-1.34223668394108
0.990576788613427,0.990576788613427,0.990576788613427,0.990576788613427,0.990576788613427
0.13668446394031,0.13668446394031,0.13668446394031,0.13668446394031,0.13668446394031
1.09312542168662,1.09312542168662,1.09312542168662,1.09312542168662,1.09312542168662
1.24734024756942,1.24734024756942,1.24734024756942,1.24734024756942,1.24734024756942
1.90270773086137,1.90270773086137,1.90270773086137,1.90270773086137,1.90270773086137
1.50805429141719,1.50805429141719,1.50805429141719,1.50805429141719,1.50805429141719
2.0428644451753,2.0428644451753,2.0428644451753,2.0428644451753,2.0428644451753
0.778460406911281,0.778460406911281,0.778460406911281,0.778460406911281,0.778460406911281
0.691083285832944,0.691083285832944,0.691083285832944,0.691083285832944,0.691083285832944
1.39454630918515,1.39454630918515,1.39454630918515,1.39454630918515,1.39454630918515
1.03183736047498,1.03183736047498,1.03183736047498,1.03183736047498,1.03183736047498
-0.16560880425664,-0.16560880425664,-0.16560880425664,-0.16560880425664,-0.16560880425664
-0.223242953956718,-0.223242953956718,-0.223242953956718,-0.223242953956718,-0.223242953956718
1.75004833265388,1.75004833265388,1.75004833265388,1.75004833265388,1.75004833265388
1.69896179425714,1.69896179425714,1.69896179425714,1.69896179425714,1.69896179425714
0.687871789433815,0.687871789433815,0.687871789433815,0.687871789433815,0.687871789433815
-0.782190060397193,-0.782190060397193,-0.782190060397193,0.8376314043998718,-0.782190060397193
0.31233811378479004,0.19677726924419403,0.45711463689804077,0.8649619221687317,-2.27066392705592
0.418133125077454,0.418133125077454,0.418133125077454,0.418133125077454,0.418133125077454
-0.335182136978006,-0.335182136978006,-0.335182136978006,1.0127464532852173,-0.335182136978006
-0.350078514201861,-0.350078514201861,-0.350078514201861,1.0025979280471802,-0.350078514201861
0.205453857007636,0.205453857007636,0.205453857007636,0.205453857007636,0.205453857007636
0.506842203884209,0.506842203884209,0.506842203884209,0.506842203884209,0.506842203884209
0.593367976840455,0.593367976840455,0.593367976840455,0.593367976840455,0.593367976840455
-0.0158368981471692,-0.0158368981471692,-0.0158368981471692,-0.0158368981471692,-0.0158368981471692
0.728208185937118,0.728208185937118,0.728208185937118,0.728208185937118,0.728208185937118
1.41359859929398,1.41359859929398,1.41359859929398,1.41359859929398,1.41359859929398
1.16971765262904,1.16971765262904,1.16971765262904,1.16971765262904,1.16971765262904
-0.178421795251829,-0.178421795251829,-0.178421795251829,-0.178421795251829,-0.178421795251829
0.583538509219296,0.583538509219296,0.583538509219296,0.583538509219296,0.583538509219296
-1.04730039243712,-1.04730039243712,0.4584100544452667,0.6423608660697937,-1.04730039243712
0.920041425076092,0.920041425076092,0.920041425076092,0.920041425076092,0.920041425076092
0.693983524776467,0.693983524776467,0.693983524776467,0.693983524776467,0.693983524776467
0.0321902064352083,0.0321902064352083,0.0321902064352083,0.0321902064352083,0.0321902064352083
-1.30686614252911,-1.30686614252911,0.4250025451183319,0.6064566969871521,-1.30686614252911
-0.0801227672836042,-0.0801227672836042,-0.0801227672836042,-0.0801227672836042,-0.0801227672836042
0.407471134491102,0.407471134491102,0.407471134491102,0.407471134491102,0.407471134491102
-0.71304899708553,-0.71304899708553,-0.71304899708553,0.6379229426383972,-0.71304899708553
-0.180994605341997,-0.180994605341997,-0.180994605341997,-0.180994605341997,-0.180994605341997
-0.489399146548281,-0.489399146548281,-0.489399146548281,0.7802559733390808,-0.489399146548281
0.9186795854933,0.9186795854933,0.9186795854933,0.9186795854933,0.9186795854933
0.487376308284982,0.487376308284982,0.487376308284982,0.487376308284982,0.487376308284982
-0.409365942123154,-0.409365942123154,-0.409365942123154,1.0077438354492188,-0.409365942123154
-0.989703790818591,-0.989703790818591,-0.989703790818591,0.8727081418037415,-0.989703790818591
0.0887761328966862,0.0887761328966862,0.0887761328966862,0.0887761328966862,0.0887761328966862
-1.28093073030926,-1.28093073030926,0.3846901059150696,0.9871810674667358,-1.28093073030926
-1.63904015341032,0.17711643874645233,0.41246694326400757,0.9653488397598267,-1.63904015341032
0.0831785500049591,0.2439919263124466,0.4439520239830017,0.8761621117591858,-2.88725776008263
-0.850241854588888,-0.850241854588888,-0.850241854588888,0.7917711138725281,-0.850241854588888
0.671440237144604,0.671440237144604,0.671440237144604,0.671440237144604,0.671440237144604
0.654008312345643,0.654008312345643,0.654008312345643,0.654008312345643,0.654008312345643
-0.120318449335093,-0.120318449335093,-0.120318449335093,-0.120318449335093,-0.120318449335093
-0.0505099088757892,-0.0505099088757892,-0.0505099088757892,-0.0505099088757892,-0.0505099088757892
-0.348454865949095,-0.348454865949095,-0.348454865949095,0.7549594044685364,-0.348454865949095
0.142736632215204,0.142736632215204,0.142736632215204,0.142736632215204,0.142736632215204
0.3560558391812,0.3560558391812,0.3560558391812,0.3560558391812,0.3560558391812
0.0039299372630806,0.0039299372630806,0.0039299372630806,0.0039299372630806,0.0039299372630806
0.417469832305942,0.417469832305942,0.417469832305942,0.417469832305942,0.417469832305942
1.16431387985138,1.16431387985138,1.16431387985138,1.16431387985138,1.16431387985138
-1.01747473595819,-1.01747473595819,0.3803817331790924,0.7356433868408203,-1.01747473595819
-1.18790093380863,-1.18790093380863,0.2852301001548767,0.617564857006073,-1.18790093380863
-0.662147199025784,-0.662147199025784,-0.662147199025784,0.5034750699996948,-0.662147199025784
-1.91813548699391,0.19114992022514343,0.08489985764026642,0.4106443524360657,-1.91813548699391
-0.664285933151787,-0.664285933151787,-0.664285933151787,0.35529911518096924,-0.664285933151787
-0.405234094883156,-0.405234094883156,-0.405234094883156,0.4475173354148865,-0.405234094883156
0.864428747552185,0.864428747552185,0.864428747552185,0.864428747552185,0.864428747552185
0.58733674453182,0.58733674453182,0.58733674453182,0.58733674453182,0.58733674453182
-1.5154169262755,-1.5154169262755,0.32024890184402466,0.7131297588348389,-1.5154169262755
-0.08863142877817154,0.05657210201025009,0.34563714265823364,0.8118621706962585,-2.69525468684076
-0.08631768822669983,0.039096005260944366,0.400593638420105,0.9040396213531494,-2.84338177084633
-0.98318933142801,-0.98318933142801,-0.98318933142801,0.9123216271400452,-0.98318933142801
0.349332188157035,0.349332188157035,0.349332188157035,0.349332188157035,0.349332188157035
1.49617799339635,1.49617799339635,1.49617799339635,1.49617799339635,1.49617799339635
2.87015941873963,2.87015941873963,2.87015941873963,2.87015941873963,2.87015941873963
1.34239973789545,1.34239973789545,1.34239973789545,1.34239973789545,1.34239973789545
0.34984717076544,0.34984717076544,0.34984717076544,0.34984717076544,0.34984717076544
-1.19169570030989,-1.19169570030989,0.3600601851940155,0.7846358418464661,-1.19169570030989
-0.483319213250135,-0.483319213250135,-0.483319213250135,0.8748331665992737,-0.483319213250135
0.120781667800547,0.120781667800547,0.120781667800547,0.120781667800547,0.120781667800547
0.0719870988418566,0.0719870988418566,0.0719870988418566,0.0719870988418566,0.0719870988418566
0.255604863659773,0.255604863659773,0.255604863659773,0.255604863659773,0.255604863659773
-0.648894682209356,-0.648894682209356,-0.648894682209356,1.1083248853683472,-0.648894682209356
-0.331815333985221,-0.331815333985221,-0.331815333985221,1.0796483755111694,-0.331815333985221
-1.56983825317269,-1.56983825317269,0.4413943886756897,1.0457533597946167,-1.56983825317269
0.64724926907947,0.64724926907947,0.64724926907947,0.64724926907947,0.64724926907947
0.702599668300562,0.702599668300562,0.702599668300562,0.702599668300562,0.702599668300562
0.956063457506623,0.956063457506623,0.956063457506623,0.956063457506623,0.956063457506623
-1.2436902421693,-1.2436902421693,0.13601994514465332,0.4587268829345703,-1.2436902421693
-0.658096658142955,-0.658096658142955,-0.658096658142955,0.4631669521331787,-0.658096658142955
-0.663159890280159,-0.663159890280159,-0.663159890280159,0.541786253452301,-0.663159890280159
0.522453611923956,0.522453611923956,0.522453611923956,0.522453611923956,0.522453611923956
1.32968134150106,1.32968134150106,1.32968134150106,1.32968134150106,1.32968134150106
0.499762406724553,0.499762406724553,0.499762406724553,0.499762406724553,0.499762406724553
2.52721501855186,2.52721501855186,2.52721501855186,2.52721501855186,2.52721501855186
1.40469292755976,1.40469292755976,1.40469292755976,1.40469292755976,1.40469292755976
0.717849085991777,0.717849085991777,0.717849085991777,0.717849085991777,0.717849085991777
-1.12487022050763,-1.12487022050763,0.38517332077026367,0.8644654154777527,-1.12487022050763
1.12026240172324,1.12026240172324,1.12026240172324,1.12026240172324,1.12026240172324
-0.88131423656031,-0.88131423656031,-0.88131423656031,0.6124489903450012,-0.88131423656031
-0.962342991427651,-0.962342991427651,-0.962342991427651,0.6338015198707581,-0.962342991427651
-0.346170826097132,-0.346170826097132,-0.346170826097132,0.7529523968696594,-0.346170826097132
0.659335328034067,0.659335328034067,0.659335328034067,0.659335328034067,0.659335328034067
-0.320516226300262,-0.320516226300262,-0.320516226300262,1.0818310976028442,-0.320516226300262
0.796537737262786,0.796537737262786,0.796537737262786,0.796537737262786,0.796537737262786
0.274377421034129,0.274377421034129,0.274377421034129,0.274377421034129,0.274377421034129
-0.167548991466909,-0.167548991466909,-0.167548991466909,-0.167548991466909,-0.167548991466909
0.0944316173560186,0.0944316173560186,0.0944316173560186,0.0944316173560186,0.0944316173560186
1.1372548171258,1.1372548171258,1.1372548171258,1.1372548171258,1.1372548171258
0.690526045982892,0.690526045982892,0.690526045982892,0.690526045982892,0.690526045982892
-0.691728177313733,-0.691728177313733,-0.691728177313733,0.8592724204063416,-0.691728177313733
0.23584488034248352,0.2583479881286621,0.336100697517395,0.7047430872917175,-2.7101240936365
-1.24859255920789,-1.24859255920789,0.28627854585647583,0.6367508769035339,-1.24859255920789
-0.601738220004933,-0.601738220004933,-0.601738220004933,0.596560537815094,-0.601738220004933
0.142696849031742,0.142696849031742,0.142696849031742,0.142696849031742,0.142696849031742
-0.04066124185919762,0.2620316743850708,0.4267301559448242,0.7687508463859558,-2.09183613967346
-0.795016660281335,-0.795016660281335,-0.795016660281335,0.8527820706367493,-0.795016660281335
0.638229228952979,0.638229228952979,0.638229228952979,0.638229228952979,0.638229228952979
1.3346791425179,1.3346791425179,1.3346791425179,1.3346791425179,1.3346791425179
0.992671875465943,0.992671875465943,0.992671875465943,0.992671875465943,0.992671875465943
0.411258813084519,0.411258813084519,0.411258813084519,0.411258813084519,0.411258813084519
-1.04429377649926,-1.04429377649926,0.4274287223815918,0.5592079162597656,-1.04429377649926
-1.08704721412258,-1.08704721412258,0.30382877588272095,0.5107036232948303,-1.08704721412258
0.22206134846169,0.22206134846169,0.22206134846169,0.22206134846169,0.22206134846169
0.230473754656093,0.230473754656093,0.230473754656093,0.230473754656093,0.230473754656093
0.413084107904688,0.413084107904688,0.413084107904688,0.413084107904688,0.413084107904688
1.23544662102787,1.23544662102787,1.23544662102787,1.23544662102787,1.23544662102787
0.930499287495882,0.930499287495882,0.930499287495882,0.930499287495882,0.930499287495882
0.571655309155725,0.571655309155725,0.571655309155725,0.571655309155725,0.571655309155725
-0.479486492770169,-0.479486492770169,-0.479486492770169,0.9405362010002136,-0.479486492770169
-0.114086821657851,-0.114086821657851,-0.114086821657851,-0.114086821657851,-0.114086821657851
-0.320658584997273,-0.320658584997273,-0.320658584997273,1.0214509963989258,-0.320658584997273
-0.557164150257455,-0.557164150257455,-0.557164150257455,1.0247721672058105,-0.557164150257455
1.60944507908443,1.60944507908443,1.60944507908443,1.60944507908443,1.60944507908443
1.99981966280372,1.99981966280372,1.99981966280372,1.99981966280372,1.99981966280372
0.254826065181956,0.254826065181956,0.254826065181956,0.254826065181956,0.254826065181956
-1.82292255546211,0.24889369308948517,0.3417225778102875,0.5867915749549866,-1.82292255546211
-0.659029846029624,-0.659029846029624,-0.659029846029624,0.5947700142860413,-0.659029846029624
0.227476882755637,0.227476882755637,0.227476882755637,0.227476882755637,0.227476882755637
-1.2740886500067,-1.2740886500067,0.3966999053955078,0.7394910454750061,-1.2740886500067
0.1369408667087555,0.2080964595079422,0.44024911522865295,0.6753405928611755,-2.65069358552447
0.15616202354431152,0.2679399251937866,0.478176087141037,0.7641262412071228,-2.23342282074885
-0.568473541302049,-0.568473541302049,-0.568473541302049,0.824962317943573,-0.568473541302049
0.193358354997092,0.193358354997092,0.193358354997092,0.193358354997092,0.193358354997092
-0.376120597080053,-0.376120597080053,-0.376120597080053,0.8039342761039734,-0.376120597080053
-0.725125991033064,-0.725125991033064,-0.725125991033064,0.8399365544319153,-0.725125991033064
1.76367994404243,1.76367994404243,1.76367994404243,1.76367994404243,1.76367994404243
1.30720917081575,1.30720917081575,1.30720917081575,1.30720917081575,1.30720917081575
2.45740996544614,2.45740996544614,2.45740996544614,2.45740996544614,2.45740996544614
1.65592583180988,1.65592583180988,1.65592583180988,1.65592583180988,1.65592583180988
-1.00422407835376,-1.00422407835376,0.4534900188446045,0.7634624242782593,-1.00422407835376
0.50699660381092,0.50699660381092,0.50699660381092,0.50699660381092,0.50699660381092
1.40859033599874,1.40859033599874,1.40859033599874,1.40859033599874,1.40859033599874
0.319820049889317,0.319820049889317,0.319820049889317,0.319820049889317,0.319820049889317
-0.720957786774645,-0.720957786774645,-0.720957786774645,0.7675870060920715,-0.720957786774645
-0.406665987815872,-0.406665987815872,-0.406665987815872,0.728519082069397,-0.406665987815872
-1.23297805440722,-1.23297805440722,0.3907729685306549,0.6933427453041077,-1.23297805440722
0.767176828442382,0.767176828442382,0.767176828442382,0.767176828442382,0.767176828442382
0.852919334324688,0.852919334324688,0.852919334324688,0.852919334324688,0.852919334324688
0.179281925631559,0.179281925631559,0.179281925631559,0.179281925631559,0.179281925631559
-0.105400974089679,-0.105400974089679,-0.105400974089679,-0.105400974089679,-0.105400974089679
-0.577725351464578,-0.577725351464578,-0.577725351464578,0.4413318932056427,-0.577725351464578
-0.419280606327053,-0.419280606327053,-0.419280606327053,0.4930928945541382,-0.419280606327053
0.794257310057608,0.794257310057608,0.794257310057608,0.794257310057608,0.794257310057608
0.27027949690818787,0.22269107401371002,0.5831307768821716,1.0023242235183716,-2.20254494387535
-0.10455663548693,-0.10455663548693,-0.10455663548693,-0.10455663548693,-0.10455663548693
1.4390000966853,1.4390000966853,1.4390000966853,1.4390000966853,1.4390000966853
1.40356900498055,1.40356900498055,1.40356900498055,1.40356900498055,1.40356900498055
0.983909257613604,0.983909257613604,0.983909257613604,0.983909257613604,0.983909257613604
1.24774448125036,1.24774448125036,1.24774448125036,1.24774448125036,1.24774448125036
1.65956356469144,1.65956356469144,1.65956356469144,1.65956356469144,1.65956356469144
1.61374863265672,1.61374863265672,1.61374863265672,1.61374863265672,1.61374863265672
0.263234286591843,0.263234286591843,0.263234286591843,0.263234286591843,0.263234286591843
-0.235543857689182,-0.235543857689182,-0.235543857689182,0.8530014753341675,-0.235543857689182
-0.140500345240506,-0.140500345240506,-0.140500345240506,-0.140500345240506,-0.140500345240506
0.24797919392585754,0.4903852045536041,0.5421345829963684,0.816106379032135,-2.32279864505576
0.22936199605464935,0.46289122104644775,0.5153876543045044,0.8187852501869202,-3.12629764074532
0.21464690566062927,0.40742892026901245,0.5216153860092163,0.8165334463119507,-3.28550612196663
-1.90009530796524,0.3653104901313782,0.5320486426353455,0.8081150054931641,-1.90009530796524
0.434706620524436,0.434706620524436,0.434706620524436,0.434706620524436,0.434706620524436
0.58409524496053,0.58409524496053,0.58409524496053,0.58409524496053,0.58409524496053
0.869642817376149,0.869642817376149,0.869642817376149,0.869642817376149,0.869642817376149
1.76112339211752,1.76112339211752,1.76112339211752,1.76112339211752,1.76112339211752
0.859481850797757,0.859481850797757,0.859481850797757,0.859481850797757,0.859481850797757
0.807961051355971,0.807961051355971,0.807961051355971,0.807961051355971,0.807961051355971
0.953244911794944,0.953244911794944,0.953244911794944,0.953244911794944,0.953244911794944
-0.587629477539748,-0.587629477539748,-0.587629477539748,0.8649619221687317,-0.587629477539748
-1.89458281426008,0.201816588640213,0.48568451404571533,0.9350959658622742,-1.89458281426008
-0.506187370790707,-0.506187370790707,-0.506187370790707,1.0127464532852173,-0.506187370790707
0.0641677088882938,0.0641677088882938,0.0641677088882938,0.0641677088882938,0.0641677088882938
1.19601908635503,1.19601908635503,1.19601908635503,1.19601908635503,1.19601908635503
1.11137283839245,1.11137283839245,1.11137283839245,1.11137283839245,1.11137283839245
0.687533444213725,0.687533444213725,0.687533444213725,0.687533444213725,0.687533444213725
1.69850095110177,1.69850095110177,1.69850095110177,1.69850095110177,1.69850095110177
1.18090499162738,1.18090499162738,1.18090499162738,1.18090499162738,1.18090499162738
-1.08479295080221,-1.08479295080221,0.6662778258323669,0.7651709914207458,-1.08479295080221
0.352900415592779,0.352900415592779,0.352900415592779,0.352900415592779,0.352900415592779
-0.0029950475449351,-0.0029950475449351,-0.0029950475449351,-0.0029950475449351,-0.0029950475449351
-0.132204373613952,-0.132204373613952,-0.132204373613952,-0.132204373613952,-0.132204373613952
-0.671146285653064,-0.671146285653064,-0.671146285653064,0.6423608660697937,-0.671146285653064
0.109584997324982,0.109584997324982,0.109584997324982,0.109584997324982,0.109584997324982
-1.9380321408034,0.3923463225364685,0.39137426018714905,0.6202272772789001,-1.9380321408034
-0.738612115819543,-0.738612115819543,-0.738612115819543,0.6232341527938843,-0.738612115819543
1.16984531119489,1.16984531119489,1.16984531119489,1.16984531119489,1.16984531119489
0.932894921286845,0.932894921286845,0.932894921286845,0.932894921286845,0.932894921286845
0.161426753521798,0.161426753521798,0.161426753521798,0.161426753521798,0.161426753521798
0.46769230897982,0.46769230897982,0.46769230897982,0.46769230897982,0.46769230897982
-1.19624147552869,-1.19624147552869,0.35577234625816345,0.6861009001731873,-1.19624147552869
0.78486566741634,0.78486566741634,0.78486566741634,0.78486566741634,0.78486566741634
0.684356416312148,0.684356416312148,0.684356416312148,0.684356416312148,0.684356416312148
0.775640663272601,0.775640663272601,0.775640663272601,0.775640663272601,0.775640663272601
1.05550138626903,1.05550138626903,1.05550138626903,1.05550138626903,1.05550138626903
2.32288424968276,2.32288424968276,2.32288424968276,2.32288424968276,2.32288424968276
1.11245129629572,1.11245129629572,1.11245129629572,1.11245129629572,1.11245129629572
1.05373486485389,1.05373486485389,1.05373486485389,1.05373486485389,1.05373486485389
0.739289685945198,0.739289685945198,0.739289685945198,0.739289685945198,0.739289685945198
-0.0584765431563078,-0.0584765431563078,-0.0584765431563078,-0.0584765431563078,-0.0584765431563078
0.0826201045441686,0.0826201045441686,0.0826201045441686,0.0826201045441686,0.0826201045441686
1.54731673639035,1.54731673639035,1.54731673639035,1.54731673639035,1.54731673639035
1.71147487402152,1.71147487402152,1.71147487402152,1.71147487402152,1.71147487402152
2.11654024544226,2.11654024544226,2.11654024544226,2.11654024544226,2.11654024544226
0.965966684869458,0.965966684869458,0.965966684869458,0.965966684869458,0.965966684869458
0.565320875515146,0.565320875515146,0.565320875515146,0.565320875515146,0.565320875515146
0.895020009408637,0.895020009408637,0.895020009408637,0.895020009408637,0.895020009408637
1.63549074649084,1.63549074649084,1.63549074649084,1.63549074649084,1.63549074649084
0.0346955729241818,0.0346955729241818,0.0346955729241818,0.0346955729241818,0.0346955729241818
0.821767080017589,0.821767080017589,0.821767080017589,0.821767080017589,0.821767080017589
0.180249365843972,0.180249365843972,0.180249365843972,0.180249365843972,0.180249365843972
-1.19212412112925,-1.19212412112925,0.3803817331790924,0.7356433868408203,-1.19212412112925
-0.828548342298268,-0.828548342298268,-0.828548342298268,0.617564857006073,-0.828548342298268
-0.0833299794799399,-0.0833299794799399,-0.0833299794799399,-0.0833299794799399,-0.0833299794799399
-0.108519453435685,-0.108519453435685,-0.108519453435685,-0.108519453435685,-0.108519453435685
0.0393708921810822,0.0393708921810822,0.0393708921810822,0.0393708921810822,0.0393708921810822
0.98934709005782,0.98934709005782,0.98934709005782,0.98934709005782,0.98934709005782
1.30135021619088,1.30135021619088,1.30135021619088,1.30135021619088,1.30135021619088
-0.0099767172505299,-0.0099767172505299,-0.0099767172505299,-0.0099767172505299,-0.0099767172505299
1.04096582753593,1.04096582753593,1.04096582753593,1.04096582753593,1.04096582753593
-0.091024929099865,-0.091024929099865,-0.091024929099865,-0.091024929099865,-0.091024929099865
1.8269947837992,1.8269947837992,1.8269947837992,1.8269947837992,1.8269947837992
1.73318882285615,1.73318882285615,1.73318882285615,1.73318882285615,1.73318882285615
0.703664823695899,0.703664823695899,0.703664823695899,0.703664823695899,0.703664823695899
0.642647503276703,0.642647503276703,0.642647503276703,0.642647503276703,0.642647503276703
-0.47116156584062,-0.47116156584062,-0.47116156584062,0.727284848690033,-0.47116156584062
0.516235221757999,0.516235221757999,0.516235221757999,0.516235221757999,0.516235221757999
-0.76978677923715,-0.76978677923715,-0.76978677923715,0.7304304242134094,-0.76978677923715
1.22905622929422,1.22905622929422,1.22905622929422,1.22905622929422,1.22905622929422
1.62339171475156,1.62339171475156,1.62339171475156,1.62339171475156,1.62339171475156
2.12709042882876,2.12709042882876,2.12709042882876,2.12709042882876,2.12709042882876
1.79450739724397,1.79450739724397,1.79450739724397,1.79450739724397,1.79450739724397
-1.12915543609394,-1.12915543609394,0.5299797058105469,1.1065864562988281,-1.12915543609394
0.21839898824691772,0.30824750661849976,0.5280587077140808,1.1083247661590576,-2.27940218472183
1.03290349069909,1.03290349069909,1.03290349069909,1.03290349069909,1.03290349069909
-0.315589639298375,-0.315589639298375,-0.315589639298375,1.0457533597946167,-0.315589639298375
-1.027485077791,-1.027485077791,0.3965994715690613,1.0014365911483765,-1.027485077791
1.58119314096977,1.58119314096977,1.58119314096977,1.58119314096977,1.58119314096977
0.456494195467647,0.456494195467647,0.456494195467647,0.456494195467647,0.456494195467647
0.0664780293393974,0.0664780293393974,0.0664780293393974,0.0664780293393974,0.0664780293393974
0.15448054409497,0.15448054409497,0.15448054409497,0.15448054409497,0.15448054409497
-0.0743748791703948,-0.0743748791703948,-0.0743748791703948,-0.0743748791703948,-0.0743748791703948
0.0507287903857653,0.0507287903857653,0.0507287903857653,0.0507287903857653,0.0507287903857653
-0.357872705048669,-0.357872705048669,-0.357872705048669,0.9265996813774109,-0.357872705048669
-1.17813693813734,-1.17813693813734,0.5782260298728943,1.052188754081726,-1.17813693813734
-1.3174989891719,-1.3174989891719,0.5566292405128479,1.104872226715088,-1.3174989891719
-0.892428869846984,-0.892428869846984,-0.892428869846984,1.0784152746200562,-0.892428869846984
0.850592185837066,0.850592185837066,0.850592185837066,0.850592185837066,0.850592185837066
1.86217308005903,1.86217308005903,1.86217308005903,1.86217308005903,1.86217308005903
0.75170583103652,0.75170583103652,0.75170583103652,0.75170583103652,0.75170583103652
0.519201525740467,0.519201525740467,0.519201525740467,0.519201525740467,0.519201525740467
-0.122418808991074,-0.122418808991074,-0.122418808991074,-0.122418808991074,-0.122418808991074
-0.785269127516149,-0.785269127516149,-0.785269127516149,0.7529523968696594,-0.785269127516149
-0.226832066792813,-0.226832066792813,-0.226832066792813,-0.226832066792813,-0.226832066792813
2.55698959978918,2.55698959978918,2.55698959978918,2.55698959978918,2.55698959978918
2.66585883715225,2.66585883715225,2.66585883715225,2.66585883715225,2.66585883715225
1.23033148488236,1.23033148488236,1.23033148488236,1.23033148488236,1.23033148488236
2.18222621748466,2.18222621748466,2.18222621748466,2.18222621748466,2.18222621748466
0.57764845155054,0.57764845155054,0.57764845155054,0.57764845155054,0.57764845155054
1.14209590253131,1.14209590253131,1.14209590253131,1.14209590253131,1.14209590253131
2.15096187968588,2.15096187968588,2.15096187968588,2.15096187968588,2.15096187968588
2.22205892411812,2.22205892411812,2.22205892411812,2.22205892411812,2.22205892411812
0.366843502713829,0.366843502713829,0.366843502713829,0.366843502713829,0.366843502713829
-1.89559391440293,0.2859407067298889,0.28627854585647583,0.6367508769035339,-1.89559391440293
0.08480691909790039,0.28535741567611694,0.2707098126411438,0.596560537815094,-2.09416741768091
0.0213947631418705,0.26751410961151123,0.3205035924911499,0.6678240299224854,-2.7742542348655
-0.644968557913285,-0.644968557913285,-0.644968557913285,0.7687508463859558,-0.644968557913285
-1.73699388053096,0.3370351791381836,0.49476689100265503,0.8527820706367493,-1.73699388053096
-1.32592225679397,-1.32592225679397,0.5933274626731873,0.9212564826011658,-1.32592225679397
0.284308388891033,0.284308388891033,0.284308388891033,0.284308388891033,0.284308388891033
1.82725678221782,1.82725678221782,1.82725678221782,1.82725678221782,1.82725678221782
1.12440419113561,1.12440419113561,1.12440419113561,1.12440419113561,1.12440419113561
0.0475983480326785,0.0475983480326785,0.0475983480326785,0.0475983480326785,0.0475983480326785
-0.583571237273571,-0.583571237273571,-0.583571237273571,0.5107036232948303,-0.583571237273571
-1.67797046237444,0.35868707299232483,0.20346787571907043,0.4839845895767212,-1.67797046237444
-0.979809132585108,-0.979809132585108,-0.979809132585108,0.47381582856178284,-0.979809132585108
0.0977688179082561,0.0977688179082561,0.0977688179082561,0.0977688179082561,0.0977688179082561
1.27103790853733,1.27103790853733,1.27103790853733,1.27103790853733,1.27103790853733
0.798401682344228,0.798401682344228,0.798401682344228,0.798401682344228,0.798401682344228
-0.605913297835973,-0.605913297835973,-0.605913297835973,0.8480131030082703,-0.605913297835973
0.3064327538013458,0.2342304140329361,0.2983423173427582,0.9405362010002136,-2.34383770646725
1.32349960834393,1.32349960834393,1.32349960834393,1.32349960834393,1.32349960834393
1.14202062804333,1.14202062804333,1.14202062804333,1.14202062804333,1.14202062804333
-1.3297402526486,-1.3297402526486,0.4297838807106018,1.0247721672058105,-1.3297402526486
-1.10062263907706,-1.10062263907706,0.47468695044517517,0.9534406065940857,-1.10062263907706
0.841425152071721,0.841425152071721,0.841425152071721,0.841425152071721,0.841425152071721
-0.210136794457303,-0.210136794457303,-0.210136794457303,-0.210136794457303,-0.210136794457303
1.19644040170303,1.19644040170303,1.19644040170303,1.19644040170303,1.19644040170303
1.77065540611688,1.77065540611688,1.77065540611688,1.77065540611688,1.77065540611688
1.24707265708217,1.24707265708217,1.24707265708217,1.24707265708217,1.24707265708217
-1.64179916565324,0.29631295800209045,0.3966999053955078,0.7394910454750061,-1.64179916565324
-1.23622874015179,-1.23622874015179,0.44024911522865295,0.6753405928611755,-1.23622874015179
0.15616202354431152,0.2679399251937866,0.478176087141037,0.7641262412071228,-2.21113937117687
0.117270452909615,0.117270452909615,0.117270452909615,0.117270452909615,0.117270452909615
-0.12825240701613,-0.12825240701613,-0.12825240701613,-0.12825240701613,-0.12825240701613
0.511011391833294,0.511011391833294,0.511011391833294,0.511011391833294,0.511011391833294
-0.482846453455934,-0.482846453455934,-0.482846453455934,0.8399365544319153,-0.482846453455934
-0.329341306419997,-0.329341306419997,-0.329341306419997,0.8534447550773621,-0.329341306419997
-1.68121743092905,0.38719049096107483,0.5684983134269714,0.8390834331512451,-1.68121743092905
0.120443797623045,0.120443797623045,0.120443797623045,0.120443797623045,0.120443797623045
0.445392390577917,0.445392390577917,0.445392390577917,0.445392390577917,0.445392390577917
-0.421254507210347,-0.421254507210347,-0.421254507210347,0.7634624242782593,-0.421254507210347
2.13882353523857,2.13882353523857,2.13882353523857,2.13882353523857,2.13882353523857
2.96936330322357,2.96936330322357,2.96936330322357,2.96936330322357,2.96936330322357
0.525500873475638,0.525500873475638,0.525500873475638,0.525500873475638,0.525500873475638
-0.156348659278486,-0.156348659278486,-0.156348659278486,-0.156348659278486,-0.156348659278486
-0.0680349896509394,-0.0680349896509394,-0.0680349896509394,-0.0680349896509394,-0.0680349896509394
1.06384199670978,1.06384199670978,1.06384199670978,1.06384199670978,1.06384199670978
0.918135133973524,0.918135133973524,0.918135133973524,0.918135133973524,0.918135133973524
0.57302449838587,0.57302449838587,0.57302449838587,0.57302449838587,0.57302449838587
-1.14791395613458,-1.14791395613458,0.39293962717056274,0.4953516125679016,-1.14791395613458
-0.942387191338295,-0.942387191338295,-0.942387191338295,0.45792141556739807,-0.942387191338295
-0.685037156383289,-0.685037156383289,-0.685037156383289,0.4413318932056427,-0.685037156383289
-0.180083425928465,-0.180083425928465,-0.180083425928465,-0.180083425928465,-0.180083425928465
1.91465850820218,1.91465850820218,1.91465850820218,1.91465850820218,1.91465850820218
3.04122059124027,3.04122059124027,3.04122059124027,3.04122059124027,3.04122059124027
2.31328226868406,2.31328226868406,2.31328226868406,2.31328226868406,2.31328226868406
2.4613217807903,2.4613217807903,2.4613217807903,2.4613217807903,2.4613217807903
1.09007363932292,1.09007363932292,1.09007363932292,1.09007363932292,1.09007363932292
-0.286838594579294,-0.286838594579294,-0.286838594579294,1.0536962747573853,-0.286838594579294
-1.6216419728636,-1.6216419728636,0.7441430687904358,1.0678123235702515,-1.6216419728636
0.24521462619304657,0.47682443261146545,0.735543429851532,1.0364073514938354,-2.10100023206972
-1.77764390900112,0.5077065229415894,0.7480363845825195,0.9538684487342834,-1.77764390900112
0.833349111714324,0.833349111714324,0.833349111714324,0.833349111714324,0.833349111714324
0.828441131765051,0.828441131765051,0.828441131765051,0.828441131765051,0.828441131765051
-0.0568805631629633,-0.0568805631629633,-0.0568805631629633,-0.0568805631629633,-0.0568805631629633
-0.406339830277351,-0.406339830277351,-0.406339830277351,0.816106379032135,-0.406339830277351
0.18595157824959,0.18595157824959,0.18595157824959,0.18595157824959,0.18595157824959
0.791986569678407,0.791986569678407,0.791986569678407,0.791986569678407,0.791986569678407
-0.952563575865921,-0.952563575865921,-0.952563575865921,0.8081150054931641,-0.952563575865921
-1.80341392107971,0.34142279624938965,0.5477674007415771,0.7720350623130798,-1.80341392107971
-0.585173772046361,-0.585173772046361,-0.585173772046361,0.7325503826141357,-0.585173772046361
-1.44303745639617,-1.44303745639617,0.6112160682678223,0.714596688747406,-1.44303745639617
-0.497217258579727,-0.497217258579727,-0.497217258579727,0.7492648959159851,-0.497217258579727
-0.417159337201377,-0.417159337201377,-0.417159337201377,0.8036008477210999,-0.417159337201377
0.908741971876168,0.908741971876168,0.908741971876168,0.908741971876168,0.908741971876168
0.318743862558868,0.318743862558868,0.318743862558868,0.318743862558868,0.318743862558868
-0.876314971080604,-0.876314971080604,-0.876314971080604,0.8649619221687317,-0.876314971080604
-0.301769828129194,-0.301769828129194,-0.301769828129194,0.9350959658622742,-0.301769828129194
0.650326172139897,0.650326172139897,0.650326172139897,0.650326172139897,0.650326172139897
0.569417282102748,0.569417282102748,0.569417282102748,0.569417282102748,0.569417282102748
0.138922127515387,0.138922127515387,0.138922127515387,0.138922127515387,0.138922127515387
-0.850554710847611,-0.850554710847611,-0.850554710847611,0.9053992629051208,-0.850554710847611
-2.05285720388019,0.32554149627685547,0.5642178654670715,0.840525209903717,-2.05285720388019
0.162984699010849,0.3479326665401459,0.6053796410560608,0.8039348721504211,-3.1791024957667
-0.787743346556111,-0.787743346556111,-0.787743346556111,0.7759162187576294,-0.787743346556111
0.639510750727249,0.639510750727249,0.639510750727249,0.639510750727249,0.639510750727249
0.758165782751493,0.758165782751493,0.758165782751493,0.758165782751493,0.758165782751493
0.963207053561402,0.963207053561402,0.963207053561402,0.963207053561402,0.963207053561402
-0.320279984659772,-0.320279984659772,-0.320279984659772,0.6860920786857605,-0.320279984659772
-0.0462266005479266,-0.0462266005479266,-0.0462266005479266,-0.0462266005479266,-0.0462266005479266
0.0226698852019503,0.0226698852019503,0.0226698852019503,0.0226698852019503,0.0226698852019503
-0.0663380773824799,-0.0663380773824799,-0.0663380773824799,-0.0663380773824799,-0.0663380773824799
0.876435630644511,0.876435630644511,0.876435630644511,0.876435630644511,0.876435630644511
1.64480420883091,1.64480420883091,1.64480420883091,1.64480420883091,1.64480420883091
1.55189746744242,1.55189746744242,1.55189746744242,1.55189746744242,1.55189746744242
0.840378359492733,0.840378359492733,0.840378359492733,0.840378359492733,0.840378359492733
0.697298109670227,0.697298109670227,0.697298109670227,0.697298109670227,0.697298109670227
0.974442914491957,0.974442914491957,0.974442914491957,0.974442914491957,0.974442914491957
1.10153167366441,1.10153167366441,1.10153167366441,1.10153167366441,1.10153167366441
-0.574914802046977,-0.574914802046977,-0.574914802046977,0.8891302347183228,-0.574914802046977
-0.849589756383712,-0.849589756383712,-0.849589756383712,0.9628700017929077,-0.849589756383712
-2.03748775891928,0.10421334207057953,0.4475421905517578,1.0077438354492188,-2.03748775891928
-1.27994390549731,-1.27994390549731,0.307555615901947,0.8727081418037415,-1.27994390549731
1.48462595701488,1.48462595701488,1.48462595701488,1.48462595701488,1.48462595701488
1.84357940903095,1.84357940903095,1.84357940903095,1.84357940903095,1.84357940903095
1.71853696215607,1.71853696215607,1.71853696215607,1.71853696215607,1.71853696215607
0.992306060436566,0.992306060436566,0.992306060436566,0.992306060436566,0.992306060436566
-0.104818322075581,-0.104818322075581,-0.104818322075581,-0.104818322075581,-0.104818322075581
1.07788629832783,1.07788629832783,1.07788629832783,1.07788629832783,1.07788629832783
1.1329823423307,1.1329823423307,1.1329823423307,1.1329823423307,1.1329823423307
0.964569661176571,0.964569661176571,0.964569661176571,0.964569661176571,0.964569661176571
0.726535369595019,0.726535369595019,0.726535369595019,0.726535369595019,0.726535369595019
0.611512546522956,0.611512546522956,0.611512546522956,0.611512546522956,0.611512546522956
0.475427117644059,0.475427117644059,0.475427117644059,0.475427117644059,0.475427117644059
1.09974223759698,1.09974223759698,1.09974223759698,1.09974223759698,1.09974223759698
1.59132632149134,1.59132632149134,1.59132632149134,1.59132632149134,1.59132632149134
-0.438463956514827,-0.438463956514827,-0.438463956514827,0.8503736853599548,-0.438463956514827
-0.517355756792402,-0.517355756792402,-0.517355756792402,0.8131831288337708,-0.517355756792402
-0.581976887880709,-0.581976887880709,-0.581976887880709,0.7356433868408203,-0.581976887880709
-0.626676344803085,-0.626676344803085,-0.626676344803085,0.617564857006073,-0.626676344803085
-0.72939678125622,-0.72939678125622,-0.72939678125622,0.5034750699996948,-0.72939678125622
-1.28253786750863,-1.28253786750863,0.08489985764026642,0.4106442928314209,-1.28253786750863
-0.579978944451779,-0.579978944451779,-0.579978944451779,0.35529911518096924,-0.579978944451779
-0.312496895957435,-0.312496895957435,-0.312496895957435,0.4475173354148865,-0.312496895957435
-0.283727224899262,-0.283727224899262,-0.283727224899262,0.601334273815155,-0.283727224899262
0.0845088064522661,0.0845088064522661,0.0845088064522661,0.0845088064522661,0.0845088064522661
-1.04518384926551,-1.04518384926551,0.32024890184402466,0.7131297588348389,-1.04518384926551
-0.08863142877817154,0.05657210201025009,0.34563714265823364,0.8118621706962585,-2.5720829239217
-0.08631768822669983,0.039096005260944366,0.400593638420105,0.9040396809577942,-2.33491926035987
-0.03014613315463066,0.07081075012683868,0.3895878493785858,0.9123216271400452,-2.11966735866006
-0.866037660291069,-0.866037660291069,-0.866037660291069,0.8233054280281067,-0.866037660291069
-1.43415484742333,-1.43415484742333,0.3767903745174408,0.7539530992507935,-1.43415484742333
0.243491866110137,0.243491866110137,0.243491866110137,0.243491866110137,0.243491866110137
0.266317137041797,0.266317137041797,0.266317137041797,0.266317137041797,0.266317137041797
0.0176836764476382,0.0176836764476382,0.0176836764476382,0.0176836764476382,0.0176836764476382
0.490763326384533,0.490763326384533,0.490763326384533,0.490763326384533,0.490763326384533
1.45120530119126,1.45120530119126,1.45120530119126,1.45120530119126,1.45120530119126
-0.120314524309197,-0.120314524309197,-0.120314524309197,-0.120314524309197,-0.120314524309197
0.526947254847411,0.526947254847411,0.526947254847411,0.526947254847411,0.526947254847411
2.63619850270036,2.63619850270036,2.63619850270036,2.63619850270036,2.63619850270036
2.86203424339055,2.86203424339055,2.86203424339055,2.86203424339055,2.86203424339055
1.23159858103677,1.23159858103677,1.23159858103677,1.23159858103677,1.23159858103677
0.307547518838156,0.307547518838156,0.307547518838156,0.307547518838156,0.307547518838156
0.729399963326799,0.729399963326799,0.729399963326799,0.729399963326799,0.729399963326799
0.37553900562526,0.37553900562526,0.37553900562526,0.37553900562526,0.37553900562526
0.16420804766463,0.16420804766463,0.16420804766463,0.16420804766463,0.16420804766463
-0.203120361025827,-0.203120361025827,-0.203120361025827,-0.203120361025827,-0.203120361025827
-0.167858023027289,-0.167858023027289,-0.167858023027289,-0.167858023027289,-0.167858023027289
-0.0223226215387875,-0.0223226215387875,-0.0223226215387875,-0.0223226215387875,-0.0223226215387875
0.778532739011248,0.778532739011248,0.778532739011248,0.778532739011248,0.778532739011248
2.61390564773751,2.61390564773751,2.61390564773751,2.61390564773751,2.61390564773751
1.28875013872151,1.28875013872151,1.28875013872151,1.28875013872151,1.28875013872151
-0.563544185652919,-0.563544185652919,-0.563544185652919,1.104872226715088,-0.563544185652919
-1.53287551066908,-1.53287551066908,0.4933450222015381,1.0784152746200562,-1.53287551066908
0.030784975737333298,0.1727835088968277,0.4150331914424896,0.9919348955154419,-2.20207735816924
-1.65420938931704,0.13972698152065277,0.38517332077026367,0.8644654154777527,-1.65420938931704
0.417182728853186,0.417182728853186,0.417182728853186,0.417182728853186,0.417182728853186
-0.0263660618836313,-0.0263660618836313,-0.0263660618836313,-0.0263660618836313,-0.0263660618836313
0.351715829613112,0.351715829613112,0.351715829613112,0.351715829613112,0.351715829613112
1.34499633058785,1.34499633058785,1.34499633058785,1.34499633058785,1.34499633058785
2.14618205679417,2.14618205679417,2.14618205679417,2.14618205679417,2.14618205679417
1.52558970707036,1.52558970707036,1.52558970707036,1.52558970707036,1.52558970707036
-0.388983993079644,-0.388983993079644,-0.388983993079644,1.1709939241409302,-0.388983993079644
0.414961635271011,0.414961635271011,0.414961635271011,0.414961635271011,0.414961635271011
1.59112800275403,1.59112800275403,1.59112800275403,1.59112800275403,1.59112800275403
0.963349737666174,0.963349737666174,0.963349737666174,0.963349737666174,0.963349737666174
0.795585676158537,0.795585676158537,0.795585676158537,0.795585676158537,0.795585676158537
0.229681232807228,0.229681232807228,0.229681232807228,0.229681232807228,0.229681232807228
-0.921002078626273,-0.921002078626273,-0.921002078626273,0.8592724204063416,-0.921002078626273
0.0139634982005902,0.0139634982005902,0.0139634982005902,0.0139634982005902,0.0139634982005902
1.54795655686023,1.54795655686023,1.54795655686023,1.54795655686023,1.54795655686023
-0.122291177049458,-0.122291177049458,-0.122291177049458,-0.122291177049458,-0.122291177049458
-1.08414315848756,-1.08414315848756,0.3205035924911499,0.6678240299224854,-1.08414315848756
0.134963312435128,0.134963312435128,0.134963312435128,0.134963312435128,0.134963312435128
1.77716099397284,1.77716099397284,1.77716099397284,1.77716099397284,1.77716099397284
2.96760994895679,2.96760994895679,2.96760994895679,2.96760994895679,2.96760994895679
2.08108532693043,2.08108532693043,2.08108532693043,2.08108532693043,2.08108532693043
1.45229600797103,1.45229600797103,1.45229600797103,1.45229600797103,1.45229600797103
0.451859953393731,0.451859953393731,0.451859953393731,0.451859953393731,0.451859953393731
0.18084388252154,0.18084388252154,0.18084388252154,0.18084388252154,0.18084388252154
1.08304472924109,1.08304472924109,1.08304472924109,1.08304472924109,1.08304472924109
-0.234735402584237,-0.234735402584237,-0.234735402584237,0.4839845895767212,-0.234735402584237
-1.48218958268907,-1.48218958268907,0.22441506385803223,0.47381582856178284,-1.48218958268907
-0.223723421972473,-0.223723421972473,-0.223723421972473,-0.223723421972473,-0.223723421972473
0.0735860081757637,0.0735860081757637,0.0735860081757637,0.0735860081757637,0.0735860081757637
1.15056214759074,1.15056214759074,1.15056214759074,1.15056214759074,1.15056214759074
1.71691405419048,1.71691405419048,1.71691405419048,1.71691405419048,1.71691405419048
0.44806871532412,0.44806871532412,0.44806871532412,0.44806871532412,0.44806871532412
0.297198107718589,0.297198107718589,0.297198107718589,0.297198107718589,0.297198107718589
1.08771634056753,1.08771634056753,1.08771634056753,1.08771634056753,1.08771634056753
2.63249595443416,2.63249595443416,2.63249595443416,2.63249595443416,2.63249595443416
1.92246977537466,1.92246977537466,1.92246977537466,1.92246977537466,1.92246977537466
-0.215301463202904,-0.215301463202904,-0.215301463202904,-0.215301463202904,-0.215301463202904
0.14206677675247192,0.24126586318016052,0.3837850093841553,0.6819770932197571,-2.6775573454986
-1.15220822535256,-1.15220822535256,0.3417225778102875,0.5867915749549866,-1.15220822535256
0.109466989347407,0.109466989347407,0.109466989347407,0.109466989347407,0.109466989347407
0.427528751099093,0.427528751099093,0.427528751099093,0.427528751099093,0.427528751099093
-0.845963727087469,-0.845963727087469,-0.845963727087469,0.7394910454750061,-0.845963727087469
-1.58196368926842,-1.58196368926842,0.44024911522865295,0.6753405928611755,-1.58196368926842
-0.438392784187656,-0.438392784187656,-0.438392784187656,0.7641262412071228,-0.438392784187656
1.51337092907369,1.51337092907369,1.51337092907369,1.51337092907369,1.51337092907369
1.28973894184782,1.28973894184782,1.28973894184782,1.28973894184782,1.28973894184782
0.323100551245996,0.323100551245996,0.323100551245996,0.323100551245996,0.323100551245996
1.13073400863219,1.13073400863219,1.13073400863219,1.13073400863219,1.13073400863219
1.52513855513683,1.52513855513683,1.52513855513683,1.52513855513683,1.52513855513683
2.30175092165091,2.30175092165091,2.30175092165091,2.30175092165091,2.30175092165091
0.579586420315354,0.579586420315354,0.579586420315354,0.579586420315354,0.579586420315354
-1.95106162163617,0.33491140604019165,0.4654077887535095,0.7961313724517822,-1.95106162163617
-1.96165239252799,0.30937930941581726,0.4534900188446045,0.7634624242782593,-1.96165239252799
-1.19052365313712,-1.19052365313712,0.442430317401886,0.7709625363349915,-1.19052365313712
-1.55630045837921,-1.55630045837921,0.4087119996547699,0.7789748907089233,-1.55630045837921
-0.604567910477266,-0.604567910477266,-0.604567910477266,0.772847592830658,-0.604567910477266
-1.4499506519657,-1.4499506519657,0.26242342591285706,0.7675870060920715,-1.4499506519657
-1.79218554883647,0.16510973870754242,0.2908167541027069,0.728519082069397,-1.79218554883647
-2.03952976418902,0.1570434868335724,0.3907729685306549,0.6933427453041077,-2.03952976418902
-0.997002649359028,-0.997002649359028,0.4443320333957672,0.6610148549079895,-0.997002649359028
-0.994071376250271,-0.994071376250271,0.4345419406890869,0.5808280110359192,-0.994071376250271
-0.97523202939718,-0.97523202939718,-0.97523202939718,0.4953516125679016,-0.97523202939718
-0.970181234704395,-0.970181234704395,-0.970181234704395,0.45792141556739807,-0.970181234704395
0.250987035571636,0.250987035571636,0.250987035571636,0.250987035571636,0.250987035571636
1.01139007648469,1.01139007648469,1.01139007648469,1.01139007648469,1.01139007648469
-0.0883162186922464,-0.0883162186922464,-0.0883162186922464,-0.0883162186922464,-0.0883162186922464
1.12971945615966,1.12971945615966,1.12971945615966,1.12971945615966,1.12971945615966
1.87579181176585,1.87579181176585,1.87579181176585,1.87579181176585,1.87579181176585
2.13111458051758,2.13111458051758,2.13111458051758,2.13111458051758,2.13111458051758
0.913717962174987,0.913717962174987,0.913717962174987,0.913717962174987,0.913717962174987
-0.0316487546160103,-0.0316487546160103,-0.0316487546160103,-0.0316487546160103,-0.0316487546160103
-0.214562897932068,-0.214562897932068,-0.214562897932068,-0.214562897932068,-0.214562897932068
-1.18284531490778,-1.18284531490778,0.735543429851532,1.0364073514938354,-1.18284531490778
-0.198553602789653,-0.198553602789653,-0.198553602789653,-0.198553602789653,-0.198553602789653
0.728433578333526,0.728433578333526,0.728433578333526,0.728433578333526,0.728433578333526
-0.0776177959222126,-0.0776177959222126,-0.0776177959222126,-0.0776177959222126,-0.0776177959222126
-0.418569634433104,-0.418569634433104,-0.418569634433104,0.8313162922859192,-0.418569634433104
0.24797919392585754,0.4903852045536041,0.5421345829963684,0.816106379032135,-2.13832608088956
-0.341946685565083,-0.341946685565083,-0.341946685565083,0.8187852501869202,-0.341946685565083
1.82238251851273,1.82238251851273,1.82238251851273,1.82238251851273,1.82238251851273
0.594979676653874,0.594979676653874,0.594979676653874,0.594979676653874,0.594979676653874
-0.0088550679820949,-0.0088550679820949,-0.0088550679820949,-0.0088550679820949,-0.0088550679820949
1.44169224962364,1.44169224962364,1.44169224962364,1.44169224962364,1.44169224962364
1.15051758246886,1.15051758246886,1.15051758246886,1.15051758246886,1.15051758246886
-0.62979412415477,-0.62979412415477,-0.62979412415477,0.7492648959159851,-0.62979412415477
-1.64834764381548,0.24849508702754974,0.6097469925880432,0.8036008477210999,-1.64834764381548
0.897163017247592,0.897163017247592,0.897163017247592,0.897163017247592,0.897163017247592
2.40513166357629,2.40513166357629,2.40513166357629,2.40513166357629,2.40513166357629
0.910252733021201,0.910252733021201,0.910252733021201,0.910252733021201,0.910252733021201
-1.64890137918733,0.2018166035413742,0.48568451404571533,0.9350959658622742,-1.64890137918733
-0.837695352793004,-0.837695352793004,-0.837695352793004,1.0127464532852173,-0.837695352793004
-1.27553356302726,-1.27553356302726,0.43210312724113464,1.0025979280471802,-1.27553356302726
-0.919316902584473,-0.919316902584473,-0.919316902584473,0.957596480846405,-0.919316902584473
0.284920116795023,0.284920116795023,0.284920116795023,0.284920116795023,0.284920116795023
-0.088476952329504,-0.088476952329504,-0.088476952329504,-0.088476952329504,-0.088476952329504
-1.14629935930475,-1.14629935930475,0.605379581451416,0.8039348721504211,-1.14629935930475
0.744359013132389,0.744359013132389,0.744359013132389,0.744359013132389,0.744359013132389
1.41624509293114,1.41624509293114,1.41624509293114,1.41624509293114,1.41624509293114
2.67344283214211,2.67344283214211,2.67344283214211,2.67344283214211,2.67344283214211
2.77447974463002,2.77447974463002,2.77447974463002,2.77447974463002,2.77447974463002
1.19572109747161,1.19572109747161,1.19572109747161,1.19572109747161,1.19572109747161
0.260671358018661,0.260671358018661,0.260671358018661,0.260671358018661,0.260671358018661
-0.0963099711590265,-0.0963099711590265,-0.0963099711590265,-0.0963099711590265,-0.0963099711590265
0.149084808469794,0.149084808469794,0.149084808469794,0.149084808469794,0.149084808469794
-0.31910364135074,-0.31910364135074,-0.31910364135074,0.6232341527938843,-0.31910364135074
-1.29795085430241,-1.29795085430241,0.4250025451183319,0.6064566969871521,-1.29795085430241
0.186006867727145,0.186006867727145,0.186006867727145,0.186006867727145,0.186006867727145
0.972898080920979,0.972898080920979,0.972898080920979,0.972898080920979,0.972898080920979
0.569800669876693,0.569800669876693,0.569800669876693,0.569800669876693,0.569800669876693
0.214686875240862,0.214686875240862,0.214686875240862,0.214686875240862,0.214686875240862
0.3905653655529022,0.26454636454582214,0.36966636776924133,0.7802559733390808,-2.14151576418554
1.76904966249343,1.76904966249343,1.76904966249343,1.76904966249343,1.76904966249343
1.32073784610272,1.32073784610272,1.32073784610272,1.32073784610272,1.32073784610272
1.99178410129123,1.99178410129123,1.99178410129123,1.99178410129123,1.99178410129123
1.37397827458793,1.37397827458793,1.37397827458793,1.37397827458793,1.37397827458793
0.543213734573133,0.543213734573133,0.543213734573133,0.543213734573133,0.543213734573133
0.0083104860751455,0.0083104860751455,0.0083104860751455,0.0083104860751455,0.0083104860751455
-1.25545880987167,-1.25545880987167,0.41246694326400757,0.9653488397598267,-1.25545880987167
0.0279139146996723,0.0279139146996723,0.0279139146996723,0.0279139146996723,0.0279139146996723
-1.9093418095987,0.3050615191459656,0.5317642092704773,0.7917711138725281,-1.9093418095987
-0.857519374357237,-0.857519374357237,-0.857519374357237,0.7588648200035095,-0.857519374357237
0.0934281417727235,0.0934281417727235,0.0934281417727235,0.0934281417727235,0.0934281417727235
0.728319686263762,0.728319686263762,0.728319686263762,0.728319686263762,0.728319686263762
0.124645379612114,0.124645379612114,0.124645379612114,0.124645379612114,0.124645379612114
1.45948218253706,1.45948218253706,1.45948218253706,1.45948218253706,1.45948218253706
0.622082086518402,0.622082086518402,0.622082086518402,0.622082086518402,0.622082086518402
-0.637084745463496,-0.637084745463496,-0.637084745463496,0.8424558043479919,-0.637084745463496
0.2911631464958191,0.43652844429016113,0.5065549612045288,0.8629091382026672,-2.12890702458352
-1.46259727085148,-1.46259727085148,0.49005991220474243,0.8503736853599548,-1.46259727085148
-0.542810074093209,-0.542810074093209,-0.542810074093209,0.8131831288337708,-0.542810074093209
0.177036365959689,0.177036365959689,0.177036365959689,0.177036365959689,0.177036365959689
-1.39215936456627,-1.39215936456627,0.2852301001548767,0.617564857006073,-1.39215936456627
0.17497998476028442,0.2317231297492981,0.17814454436302185,0.5034750699996948,-2.83845707167307
0.2131509780883789,0.19114992022514343,0.08489985764026642,0.4106442928314209,-3.48444021715324
0.23898163437843323,0.12827377021312714,0.05255993455648422,0.35529911518096924,-2.61744476423633
-1.01223512903464,-1.01223512903464,0.0799752026796341,0.4475173354148865,-1.01223512903464
-1.95775437883818,0.05104256421327591,0.16889235377311707,0.601334273815155,-1.95775437883818
-1.63431043254199,0.020201319828629494,0.26276248693466187,0.740511417388916,-1.63431043254199
-1.04669100445295,-1.04669100445295,0.32024890184402466,0.7131297588348389,-1.04669100445295
0.728852186861409,0.728852186861409,0.728852186861409,0.728852186861409,0.728852186861409
-0.377741817984552,-0.377741817984552,-0.377741817984552,0.9040396213531494,-0.377741817984552
-0.758787895909441,-0.758787895909441,-0.758787895909441,0.9123216271400452,-0.758787895909441
0.226650133152999,0.226650133152999,0.226650133152999,0.226650133152999,0.226650133152999
-0.0963574542624728,-0.0963574542624728,-0.0963574542624728,-0.0963574542624728,-0.0963574542624728
-1.32845989357963,-1.32845989357963,0.38253095746040344,0.727284848690033,-1.32845989357963
0.0602677507242938,0.0602677507242938,0.0602677507242938,0.0602677507242938,0.0602677507242938
-1.47997990497979,-1.47997990497979,0.3365781307220459,0.7304304242134094,-1.47997990497979
0.258876929098867,0.258876929098867,0.258876929098867,0.258876929098867,0.258876929098867
0.781780098895041,0.781780098895041,0.781780098895041,0.781780098895041,0.781780098895041
-0.878562035479791,-0.878562035479791,-0.878562035479791,0.9730271697044373,-0.878562035479791
-1.14248513964999,-1.14248513964999,0.4995989203453064,1.0571876764297485,-1.14248513964999
0.981051206930688,0.981051206930688,0.981051206930688,0.981051206930688,0.981051206930688
0.0997678902360283,0.0997678902360283,0.0997678902360283,0.0997678902360283,0.0997678902360283
-0.757163004236549,-0.757163004236549,-0.757163004236549,1.0796483755111694,-0.757163004236549
1.32661263406294,1.32661263406294,1.32661263406294,1.32661263406294,1.32661263406294
-0.254373893109234,-0.254373893109234,-0.254373893109234,1.0014365911483765,-0.254373893109234
-0.25543344391052,-0.25543344391052,-0.25543344391052,0.8202016949653625,-0.25543344391052
-0.443918050809243,-0.443918050809243,-0.443918050809243,0.6315571069717407,-0.443918050809243
-0.128637762116489,-0.128637762116489,-0.128637762116489,-0.128637762116489,-0.128637762116489
-0.351788578437175,-0.351788578437175,-0.351788578437175,0.4631669521331787,-0.351788578437175
-0.535822947933171,-0.535822947933171,-0.535822947933171,0.541786253452301,-0.535822947933171
-1.94984555803716,0.1622026413679123,0.27044063806533813,0.6311724781990051,-1.94984555803716
-0.080365389585495,0.25900453329086304,0.5214092135429382,0.9265996813774109,-2.31954163722378
-0.236821983322523,-0.236821983322523,-0.236821983322523,1.052188754081726,-0.236821983322523
-0.24742129709132,-0.24742129709132,-0.24742129709132,1.104872226715088,-0.24742129709132
-1.79521220366223,0.16580994427204132,0.4933450222015381,1.0784152746200562,-1.79521220366223
-0.46113873381085,-0.46113873381085,-0.46113873381085,0.9919348955154419,-0.46113873381085
0.157746053318598,0.157746053318598,0.157746053318598,0.157746053318598,0.157746053318598
1.81357640776301,1.81357640776301,1.81357640776301,1.81357640776301,1.81357640776301
0.406981939397582,0.406981939397582,0.406981939397582,0.406981939397582,0.406981939397582
1.10505234255037,1.10505234255037,1.10505234255037,1.10505234255037,1.10505234255037
0.64081345742662,0.64081345742662,0.64081345742662,0.64081345742662,0.64081345742662
-1.57494176059928,-1.57494176059928,0.3302336633205414,0.9140723347663879,-1.57494176059928
-0.871522020717727,-0.871522020717727,-0.871522020717727,1.0818310976028442,-0.871522020717727
0.691612125330144,0.691612125330144,0.691612125330144,0.691612125330144,0.691612125330144
-0.26576291296857,-0.26576291296857,-0.26576291296857,1.1688411235809326,-0.26576291296857
0.328771156111916,0.328771156111916,0.328771156111916,0.328771156111916,0.328771156111916
1.29390255475894,1.29390255475894,1.29390255475894,1.29390255475894,1.29390255475894
0.791606656724612,0.791606656724612,0.791606656724612,0.791606656724612,0.791606656724612
-0.393305182284526,-0.393305182284526,-0.393305182284526,0.9808756709098816,-0.393305182284526
-1.39070702392262,-1.39070702392262,0.3993414044380188,0.8592724204063416,-1.39070702392262
-0.490945584443887,-0.490945584443887,-0.490945584443887,0.7047430872917175,-0.490945584443887
-0.207072422736341,-0.207072422736341,-0.207072422736341,-0.207072422736341,-0.207072422736341
0.120455252376543,0.120455252376543,0.120455252376543,0.120455252376543,0.120455252376543
-1.27561684504515,-1.27561684504515,0.3205035924911499,0.6678240299224854,-1.27561684504515
1.46314955258259,1.46314955258259,1.46314955258259,1.46314955258259,1.46314955258259
0.284491339703349,0.284491339703349,0.284491339703349,0.284491339703349,0.284491339703349
1.19339559569134,1.19339559569134,1.19339559569134,1.19339559569134,1.19339559569134
0.178167587812067,0.178167587812067,0.178167587812067,0.178167587812067,0.178167587812067
-1.67583743454049,0.4176706075668335,0.6597728133201599,0.8297483325004578,-1.67583743454049
0.13682757318019867,0.4201226234436035,0.561409592628479,0.7050474286079407,-2.45639649380572
0.125061162300078,0.125061162300078,0.125061162300078,0.125061162300078,0.125061162300078
-1.08480426402546,-1.08480426402546,0.30382877588272095,0.5107036232948303,-1.08480426402546
-0.571151029087283,-0.571151029087283,-0.571151029087283,0.4839845895767212,-0.571151029087283
0.542933528749821,0.542933528749821,0.542933528749821,0.542933528749821,0.542933528749821
0.322285822147399,0.322285822147399,0.322285822147399,0.322285822147399,0.322285822147399
-1.46780998137488,-1.46780998137488,0.2555297315120697,0.616607129573822,-1.46780998137488
-0.81475938338075,-0.81475938338075,-0.81475938338075,0.7256126403808594,-0.81475938338075
-0.636877993061158,-0.636877993061158,-0.636877993061158,0.8480131030082703,-0.636877993061158
0.556097658424551,0.556097658424551,0.556097658424551,0.556097658424551,0.556097658424551
1.81694219556318,1.81694219556318,1.81694219556318,1.81694219556318,1.81694219556318
2.2861096613635,2.2861096613635,2.2861096613635,2.2861096613635,2.2861096613635
0.690067945166977,0.690067945166977,0.690067945166977,0.690067945166977,0.690067945166977
0.660251908131657,0.660251908131657,0.660251908131657,0.660251908131657,0.660251908131657
0.928867179903764,0.928867179903764,0.928867179903764,0.928867179903764,0.928867179903764
1.01911426556234,1.01911426556234,1.01911426556234,1.01911426556234,1.01911426556234
0.424699564447144,0.424699564447144,0.424699564447144,0.424699564447144,0.424699564447144
0.0264757259870347,0.0264757259870347,0.0264757259870347,0.0264757259870347,0.0264757259870347
0.865432569307858,0.865432569307858,0.865432569307858,0.865432569307858,0.865432569307858
0.211626575899727,0.211626575899727,0.211626575899727,0.211626575899727,0.211626575899727
-0.213607172148355,-0.213607172148355,-0.213607172148355,-0.213607172148355,-0.213607172148355
0.386019667295201,0.386019667295201,0.386019667295201,0.386019667295201,0.386019667295201
-0.669002185058748,-0.669002185058748,-0.669002185058748,0.824962317943573,-0.669002185058748
-0.216322463714986,-0.216322463714986,-0.216322463714986,-0.216322463714986,-0.216322463714986
-1.42543271157485,-1.42543271157485,0.5082907676696777,0.8039342761039734,-1.42543271157485
0.716855547540877,0.716855547540877,0.716855547540877,0.716855547540877,0.716855547540877
1.05198613245021,1.05198613245021,1.05198613245021,1.05198613245021,1.05198613245021
1.75302544581273,1.75302544581273,1.75302544581273,1.75302544581273,1.75302544581273
0.649924631005447,0.649924631005447,0.649924631005447,0.649924631005447,0.649924631005447
0.215657414054148,0.215657414054148,0.215657414054148,0.215657414054148,0.215657414054148
-1.06935486743012,-1.06935486743012,0.4534900188446045,0.7634624242782593,-1.06935486743012
-0.252034602534179,-0.252034602534179,-0.252034602534179,0.7709625363349915,-0.252034602534179
-0.143016484016151,-0.143016484016151,-0.143016484016151,-0.143016484016151,-0.143016484016151
-1.78423210607359,0.2627314627170563,0.3427162170410156,0.7728474736213684,-1.78423210607359
-0.930572632762095,-0.930572632762095,-0.930572632762095,0.7675870060920715,-0.930572632762095
-0.580090198312885,-0.580090198312885,-0.580090198312885,0.728519082069397,-0.580090198312885
-0.759653022241704,-0.759653022241704,-0.759653022241704,0.6933427453041077,-0.759653022241704
-0.319724828411282,-0.319724828411282,-0.319724828411282,0.6610148549079895,-0.319724828411282
1.04319765922629,1.04319765922629,1.04319765922629,1.04319765922629,1.04319765922629
0.483947285093137,0.483947285093137,0.483947285093137,0.483947285093137,0.483947285093137
-1.99466601144675,0.08177229762077332,0.3291843831539154,0.45792141556739807,-1.99466601144675
-0.313448280507991,-0.313448280507991,-0.313448280507991,0.4413318932056427,-0.313448280507991
-0.543406911350895,-0.543406911350895,-0.543406911350895,0.4930928945541382,-0.543406911350895
-0.84790979419615,-0.84790979419615,-0.84790979419615,0.5882741808891296,-0.84790979419615
-1.73551547752932,0.22269107401371002,0.5831307768821716,1.0023242235183716,-1.73551547752932
-1.08798561030083,-1.08798561030083,0.6294586062431335,1.0426195859909058,-1.08798561030083
0.0418643012074669,0.0418643012074669,0.0418643012074669,0.0418643012074669,0.0418643012074669
1.75293534313959,1.75293534313959,1.75293534313959,1.75293534313959,1.75293534313959
1.85863496041536,1.85863496041536,1.85863496041536,1.85863496041536,1.85863496041536
1.55362609517368,1.55362609517368,1.55362609517368,1.55362609517368,1.55362609517368
-0.817586737846076,-0.817586737846076,-0.817586737846076,1.0364073514938354,-0.817586737846076
0.743164572473897,0.743164572473897,0.743164572473897,0.743164572473897,0.743164572473897
1.2680170116432,1.2680170116432,1.2680170116432,1.2680170116432,1.2680170116432
0.0841227499966141,0.0841227499966141,0.0841227499966141,0.0841227499966141,0.0841227499966141
-0.514662270268473,-0.514662270268473,-0.514662270268473,0.8313162326812744,-0.514662270268473
-1.48576518287099,-1.48576518287099,0.5421345829963684,0.816106379032135,-1.48576518287099
1.24159631465661,1.24159631465661,1.24159631465661,1.24159631465661,1.24159631465661
-0.245582292747636,-0.245582292747636,-0.245582292747636,0.8165334463119507,-0.245582292747636
-0.834382973051345,-0.834382973051345,-0.834382973051345,0.8081150054931641,-0.834382973051345
1.44280536364346,1.44280536364346,1.44280536364346,1.44280536364346,1.44280536364346
1.26041328703903,1.26041328703903,1.26041328703903,1.26041328703903,1.26041328703903
1.47381361635768,1.47381361635768,1.47381361635768,1.47381361635768,1.47381361635768
0.290359762316405,0.290359762316405,0.290359762316405,0.290359762316405,0.290359762316405
2.00294695423822,2.00294695423822,2.00294695423822,2.00294695423822,2.00294695423822
2.34195501884438,2.34195501884438,2.34195501884438,2.34195501884438,2.34195501884438
1.44954137110708,1.44954137110708,1.44954137110708,1.44954137110708,1.44954137110708
0.354269833303708,0.354269833303708,0.354269833303708,0.354269833303708,0.354269833303708
-0.996129596865329,-0.996129596865329,0.48568451404571533,0.9350959658622742,-0.996129596865329
-1.22762745723421,-1.22762745723421,0.4397057294845581,1.0127464532852173,-1.22762745723421
-0.833143208958965,-0.833143208958965,-0.833143208958965,1.0025979280471802,-0.833143208958965
-0.61519857579193,-0.61519857579193,-0.61519857579193,0.957596480846405,-0.61519857579193
0.09611617028713226,0.28058457374572754,0.49324852228164673,0.9053992629051208,-2.34823401615335
-2.07673739649695,0.32554149627685547,0.5642180442810059,0.840525209903717,-2.07673739649695
-1.86095161880767,0.3479326665401459,0.6053796410560608,0.8039348721504211,-1.86095161880767
0.2072974592447281,0.3671126961708069,0.6344258785247803,0.7759162187576294,-2.42661234955609
0.23627987504005432,0.3868025839328766,0.6662778258323669,0.7651709914207458,-2.11591943738692
-1.56872239426475,-1.56872239426475,0.6851774454116821,0.7731716632843018,-1.56872239426475
-0.906218237691481,-0.906218237691481,-0.906218237691481,0.7279468178749084,-0.906218237691481
0.962165943158179,0.962165943158179,0.962165943158179,0.962165943158179,0.962165943158179
1.90813156877394,1.90813156877394,1.90813156877394,1.90813156877394,1.90813156877394
0.90615086461327,0.90615086461327,0.90615086461327,0.90615086461327,0.90615086461327
1.54093678185375,1.54093678185375,1.54093678185375,1.54093678185375,1.54093678185375
0.408468468968185,0.408468468968185,0.408468468968185,0.408468468968185,0.408468468968185
0.0461840740784781,0.0461840740784781,0.0461840740784781,0.0461840740784781,0.0461840740784781
-0.945995213167139,-0.945995213167139,-0.945995213167139,0.5992954969406128,-0.945995213167139
-1.66535902199451,0.3104460835456848,0.39287519454956055,0.6036671996116638,-1.66535902199451
0.37221139669418335,0.29828283190727234,0.37765777111053467,0.6379229426383972,-2.11555481816497
-0.454436247076938,-0.454436247076938,-0.454436247076938,0.6861009001731873,-0.454436247076938
-1.03576241234747,-1.03576241234747,0.36966636776924133,0.7802559733390808,-1.03576241234747
0.294865794153949,0.294865794153949,0.294865794153949,0.294865794153949,0.294865794153949
1.69017294902457,1.69017294902457,1.69017294902457,1.69017294902457,1.69017294902457
0.281563631769324,0.281563631769324,0.281563631769324,0.281563631769324,0.281563631769324
0.486049329730867,0.486049329730867,0.486049329730867,0.486049329730867,0.486049329730867
1.27472705460853,1.27472705460853,1.27472705460853,1.27472705460853,1.27472705460853
1.38036132622558,1.38036132622558,1.38036132622558,1.38036132622558,1.38036132622558
2.40364248077926,2.40364248077926,2.40364248077926,2.40364248077926,2.40364248077926
1.60222220365893,1.60222220365893,1.60222220365893,1.60222220365893,1.60222220365893
0.175330046539779,0.175330046539779,0.175330046539779,0.175330046539779,0.175330046539779
-0.880521369407877,-0.880521369407877,-0.880521369407877,0.7588648200035095,-0.880521369407877
0.274017262044715,0.274017262044715,0.274017262044715,0.274017262044715,0.274017262044715
1.29583620930424,1.29583620930424,1.29583620930424,1.29583620930424,1.29583620930424
0.972303746848242,0.972303746848242,0.972303746848242,0.972303746848242,0.972303746848242
0.732845548360222,0.732845548360222,0.732845548360222,0.732845548360222,0.732845548360222
1.03722187455241,1.03722187455241,1.03722187455241,1.03722187455241,1.03722187455241
1.10643380553061,1.10643380553061,1.10643380553061,1.10643380553061,1.10643380553061
1.38242734513784,1.38242734513784,1.38242734513784,1.38242734513784,1.38242734513784
0.973862780174112,0.973862780174112,0.973862780174112,0.973862780174112,0.973862780174112
2.43223809592592,2.43223809592592,2.43223809592592,2.43223809592592,2.43223809592592
1.28523645490465,1.28523645490465,1.28523645490465,1.28523645490465,1.28523645490465
1.78111278979998,1.78111278979998,1.78111278979998,1.78111278979998,1.78111278979998
0.780630133017849,0.780630133017849,0.780630133017849,0.780630133017849,0.780630133017849
-0.307723700629446,-0.307723700629446,-0.307723700629446,0.4106443524360657,-0.307723700629446
-0.794190734878734,-0.794190734878734,-0.794190734878734,0.35529911518096924,-0.794190734878734
-0.742329438629909,-0.742329438629909,-0.742329438629909,0.4475173354148865,-0.742329438629909
-0.790049647081826,-0.790049647081826,-0.790049647081826,0.601334273815155,-0.790049647081826
0.270185781184598,0.270185781184598,0.270185781184598,0.270185781184598,0.270185781184598
-0.73991784511072,-0.73991784511072,-0.73991784511072,0.7131297588348389,-0.73991784511072
0.349222462547794,0.349222462547794,0.349222462547794,0.349222462547794,0.349222462547794
0.39021797923769,0.39021797923769,0.39021797923769,0.39021797923769,0.39021797923769
0.0504278794301729,0.0504278794301729,0.0504278794301729,0.0504278794301729,0.0504278794301729
-0.146135914071893,-0.146135914071893,-0.146135914071893,-0.146135914071893,-0.146135914071893
0.385856495927763,0.385856495927763,0.385856495927763,0.385856495927763,0.385856495927763
-0.360778801039933,-0.360778801039933,-0.360778801039933,0.727284848690033,-0.360778801039933
0.91553638374372,0.91553638374372,0.91553638374372,0.91553638374372,0.91553638374372
-0.276429034742307,-0.276429034742307,-0.276429034742307,0.7304304242134094,-0.276429034742307
0.152093768119812,0.23707930743694305,0.3600601851940155,0.7846358418464661,-2.12933670703835
-0.0179677209986165,-0.0179677209986165,-0.0179677209986165,-0.0179677209986165,-0.0179677209986165
-1.28369365952739,-1.28369365952739,0.4430292844772339,0.973027229309082,-1.28369365952739
0.20084412395954132,0.2741428315639496,0.4995989203453064,1.0571876764297485,-2.49123792313954
-1.98714240421635,0.312497079372406,0.5299797058105469,1.1065864562988281,-1.98714240421635
-1.37892819478982,-1.37892819478982,0.5280587077140808,1.1083248853683472,-1.37892819478982
0.534341601681872,0.534341601681872,0.534341601681872,0.534341601681872,0.534341601681872
2.24635360307634,2.24635360307634,2.24635360307634,2.24635360307634,2.24635360307634
2.74733253508552,2.74733253508552,2.74733253508552,2.74733253508552,2.74733253508552
2.70118243759805,2.70118243759805,2.70118243759805,2.70118243759805,2.70118243759805
0.711774062663962,0.711774062663962,0.711774062663962,0.711774062663962,0.711774062663962
0.953215000201024,0.953215000201024,0.953215000201024,0.953215000201024,0.953215000201024
0.216592867626477,0.216592867626477,0.216592867626477,0.216592867626477,0.216592867626477
0.0290816516553874,0.0290816516553874,0.0290816516553874,0.0290816516553874,0.0290816516553874
0.495486007237542,0.495486007237542,0.495486007237542,0.495486007237542,0.495486007237542
0.621447135871996,0.621447135871996,0.621447135871996,0.621447135871996,0.621447135871996
1.04525867644984,1.04525867644984,1.04525867644984,1.04525867644984,1.04525867644984
-0.56765773478012,-0.56765773478012,-0.56765773478012,1.104872226715088,-0.56765773478012
-1.08041812052638,-1.08041812052638,0.4933450222015381,1.0784152746200562,-1.08041812052638
-1.17852756514064,-1.17852756514064,0.4150331914424896,0.9919348955154419,-1.17852756514064
0.1030011773109436,0.13972698152065277,0.38517332077026367,0.8644654154777527,-2.73288444960033
-1.6421522556181,0.11834108829498291,0.36114001274108887,0.7183669209480286,-1.6421522556181
-1.09756698917487,-1.09756698917487,0.30707019567489624,0.6124489903450012,-1.09756698917487
1.32838267219195,1.32838267219195,1.32838267219195,1.32838267219195,1.32838267219195
0.757564996992319,0.757564996992319,0.757564996992319,0.757564996992319,0.757564996992319
0.751342309870586,0.751342309870586,0.751342309870586,0.751342309870586,0.751342309870586
1.36923021834204,1.36923021834204,1.36923021834204,1.36923021834204,1.36923021834204
1.64903992985519,1.64903992985519,1.64903992985519,1.64903992985519,1.64903992985519
-0.729823661890061,-0.729823661890061,-0.729823661890061,1.1688411235809326,-0.729823661890061
-0.0449762648744542,-0.0449762648744542,-0.0449762648744542,-0.0449762648744542,-0.0449762648744542
-0.583816128935189,-0.583816128935189,-0.583816128935189,1.123064637184143,-0.583816128935189
-0.687836375385763,-0.687836375385763,-0.687836375385763,1.0863503217697144,-0.687836375385763
0.443355286410854,0.443355286410854,0.443355286410854,0.443355286410854,0.443355286410854
-0.280586096773569,-0.280586096773569,-0.280586096773569,0.8592724204063416,-0.280586096773569
0.321750678818586,0.321750678818586,0.321750678818586,0.321750678818586,0.321750678818586
1.33517119831194,1.33517119831194,1.33517119831194,1.33517119831194,1.33517119831194
-1.05185154068091,-1.05185154068091,0.2707098126411438,0.596560537815094,-1.05185154068091
-0.20427079639115,-0.20427079639115,-0.20427079639115,-0.20427079639115,-0.20427079639115
-1.64321972108934,0.2620316743850708,0.4267301559448242,0.7687508463859558,-1.64321972108934
-1.95681780727227,0.3370351791381836,0.49476689100265503,0.8527820706367493,-1.95681780727227
-1.75755268377432,0.3666645288467407,0.5933274626731873,0.9212564826011658,-1.75755268377432
-0.71606591672213,-0.71606591672213,-0.71606591672213,0.9041932225227356,-0.71606591672213
-1.01668573831381,-1.01668573831381,0.6597728133201599,0.8297483325004578,-1.01668573831381
-0.0898799497268311,-0.0898799497268311,-0.0898799497268311,-0.0898799497268311,-0.0898799497268311
0.659391382090383,0.659391382090383,0.659391382090383,0.659391382090383,0.659391382090383
1.72706697075874,1.72706697075874,1.72706697075874,1.72706697075874,1.72706697075874
0.257536272870755,0.257536272870755,0.257536272870755,0.257536272870755,0.257536272870755
-1.73716089130396,0.3183876872062683,0.22441506385803223,0.47381582856178284,-1.73716089130396
0.105948176088514,0.105948176088514,0.105948176088514,0.105948176088514,0.105948176088514
-0.441705811165361,-0.441705811165361,-0.441705811165361,0.616607129573822,-0.441705811165361
0.265532186586436,0.265532186586436,0.265532186586436,0.265532186586436,0.265532186586436
-0.0463008534228131,-0.0463008534228131,-0.0463008534228131,-0.0463008534228131,-0.0463008534228131
-0.446208748640044,-0.446208748640044,-0.446208748640044,0.9405362010002136,-0.446208748640044
-0.614521917523374,-0.614521917523374,-0.614521917523374,0.9998169541358948,-0.614521917523374
-0.249090885050818,-0.249090885050818,-0.249090885050818,1.0214509963989258,-0.249090885050818
1.1604352273646,1.1604352273646,1.1604352273646,1.1604352273646,1.1604352273646
0.440295096175323,0.440295096175323,0.440295096175323,0.440295096175323,0.440295096175323
-0.687314488305342,-0.687314488305342,-0.687314488305342,0.8119890093803406,-0.687314488305342
-0.699590851351891,-0.699590851351891,-0.699590851351891,0.6819770932197571,-0.699590851351891
-0.177475266215988,-0.177475266215988,-0.177475266215988,-0.177475266215988,-0.177475266215988
1.63328528213041,1.63328528213041,1.63328528213041,1.63328528213041,1.63328528213041
1.41530799357195,1.41530799357195,1.41530799357195,1.41530799357195,1.41530799357195
-0.490204983390686,-0.490204983390686,-0.490204983390686,0.7394910454750061,-0.490204983390686
0.1369408667087555,0.2080964297056198,0.44024911522865295,0.6753405928611755,-3.45457475422318
0.15616202354431152,0.26793989539146423,0.478176087141037,0.7641262412071228,-3.1964199229794
-1.56655512288299,-1.56655512288299,0.5055010914802551,0.824962317943573,-1.56655512288299
-1.12541747139388,-1.12541747139388,0.5105758905410767,0.8135814070701599,-1.12541747139388
-1.30309457819086,-1.30309457819086,0.5082907676696777,0.8039342761039734,-1.30309457819086
-1.6565149216953,0.39540529251098633,0.5155946016311646,0.8399365544319153,-1.6565149216953
-1.62980293053281,0.40457746386528015,0.5748984813690186,0.8534447550773621,-1.62980293053281
-0.196302463025713,-0.196302463025713,-0.196302463025713,-0.196302463025713,-0.196302463025713
-0.423018901995406,-0.423018901995406,-0.423018901995406,0.8252376914024353,-0.423018901995406
-1.28417959895201,-1.28417959895201,0.4654077887535095,0.7961313724517822,-1.28417959895201
-1.7959030544825,0.30937930941581726,0.4534900188446045,0.7634624242782593,-1.7959030544825
0.13086721301078796,0.2902664542198181,0.44243037700653076,0.7709625363349915,-2.71334397776533
-0.496158723832427,-0.496158723832427,-0.496158723832427,0.7789748907089233,-0.496158723832427
0.949842510340421,0.949842510340421,0.949842510340421,0.949842510340421,0.949842510340421
-1.18882794956379,-1.18882794956379,0.2624233663082123,0.7675870060920715,-1.18882794956379
0.914675680345146,0.914675680345146,0.914675680345146,0.914675680345146,0.914675680345146
